pitcher,pitch_type,pitches,avg_velocity,avg_release_extension,avg_pfx_x,avg_pfx_z,swings,whiffs,out_of_zone_pitches,chases,batted_balls,hard_hits,avg_run_value,whiff_rate,chase_rate,hard_hit_rate
519242,SL,100,77.98100000000001,6.314,-0.7347,-0.217,49,28,58,21,20,3,0.029079999999999998,0.5714285714285714,0.3620689655172414,0.15
519242,FF,84,94.25833333333333,6.6726190476190474,1.1247619047619049,0.7804761904761905,41,5,31,4,35,4,0.017619047619047618,0.12195121951219512,0.12903225806451613,0.11428571428571428
663623,CU,78,77.96153846153847,7.032051282051282,1.162820512820513,-0.3117948717948718,38,10,37,16,24,8,-0.009307692307692307,0.2631578947368421,0.43243243243243246,0.3333333333333333
641154,FF,75,94.16266666666667,7.045333333333333,-0.6118666666666667,1.2296,33,6,30,5,26,4,0.0075066666666666676,0.18181818181818182,0.16666666666666666,0.15384615384615385
543135,FS,64,87.371875,6.8546875,-0.8040625,-0.043750000000000004,33,14,39,12,19,4,0.033874999999999995,0.42424242424242425,0.3076923076923077,0.21052631578947367
663978,FF,64,93.1375,7.08125,-0.69671875,1.63828125,34,5,35,12,27,7,0.009859375,0.14705882352941177,0.34285714285714286,0.25925925925925924
676979,FF,64,96.1671875,6.671875,0.72171875,1.30125,33,14,28,5,18,4,-0.014703125000000001,0.42424242424242425,0.17857142857142858,0.2222222222222222
669203,FC,63,93.26507936507936,6.603174603174603,0.1907936507936508,1.1225396825396825,20,5,36,5,15,6,-0.04295238095238096,0.25,0.1388888888888889,0.4
650633,SI,62,92.75483870967743,6.008064516129032,-1.7514516129032258,0.3662903225806452,17,3,22,3,14,3,0.03480645161290322,0.17647058823529413,0.13636363636363635,0.21428571428571427
615698,SI,61,92.83934426229509,6.298360655737705,-1.080655737704918,1.1914754098360656,29,6,24,5,22,9,-0.06004918032786885,0.20689655172413793,0.20833333333333334,0.4090909090909091
691594,FA,61,61.619672131147546,3.9803278688524593,-0.8198360655737704,1.061311475409836,30,3,29,5,27,7,-0.0859016393442623,0.1,0.1724137931034483,0.25925925925925924
668678,FF,60,93.36666666666666,6.52,-0.29133333333333333,1.4071666666666667,24,4,30,7,20,4,0.008316666666666665,0.16666666666666666,0.23333333333333334,0.2
668881,FF,59,98.84915254237289,6.467796610169492,-0.6291525423728813,1.1306779661016948,32,8,22,6,22,3,0.03835593220338983,0.25,0.2727272727272727,0.13636363636363635
801403,FF,59,97.5542372881356,5.993220338983051,-0.8993220338983051,1.0225423728813559,32,8,27,7,23,2,0.004779661016949153,0.25,0.25925925925925924,0.08695652173913043
542881,CH,58,77.66034482758621,5.8517241379310345,1.015344827586207,1.0913793103448275,30,14,38,16,16,1,0.0135,0.4666666666666667,0.42105263157894735,0.0625
650633,FF,57,93.9140350877193,6.014035087719298,-0.6459649122807017,1.4549122807017543,29,12,26,5,14,1,0.03973684210526316,0.41379310344827586,0.19230769230769232,0.07142857142857142
500779,SI,55,90.13272727272728,6.5636363636363635,1.229090909090909,1.0314545454545454,21,4,25,4,17,3,0.005781818181818179,0.19047619047619047,0.16,0.17647058823529413
671737,FF,54,95.96851851851852,6.375925925925926,-0.5025925925925926,1.4448148148148148,27,1,16,1,24,4,0.008814814814814819,0.037037037037037035,0.0625,0.16666666666666666
680730,FF,54,92.09629629629629,6.71111111111111,0.337037037037037,1.5183333333333333,28,0,25,7,26,9,-0.005703703703703706,0.0,0.28,0.34615384615384615
571927,SI,52,93.92692307692307,6.4692307692307685,1.2223076923076923,0.963076923076923,28,6,16,3,22,2,0.03728846153846154,0.21428571428571427,0.1875,0.09090909090909091
669022,FF,52,95.79615384615384,6.876923076923077,0.5769230769230769,1.4559615384615383,34,6,19,5,26,6,-0.029461538461538466,0.17647058823529413,0.2631578947368421,0.23076923076923078
657746,FF,51,93.75098039215686,6.8313725490196076,-0.8152941176470588,1.1150980392156862,33,15,16,5,16,4,0.05449019607843137,0.45454545454545453,0.3125,0.25
608337,FF,51,93.29803921568627,7.003921568627451,-0.5929411764705883,1.5166666666666666,16,5,22,4,11,6,0.0352156862745098,0.3125,0.18181818181818182,0.5454545454545454
601713,FF,51,94.29803921568627,6.837254901960784,-0.23960784313725492,1.7980392156862746,25,7,20,5,16,5,0.014607843137254906,0.28,0.25,0.3125
622608,FF,51,94.16078431372549,6.078431372549019,-0.17745098039215687,0.8578431372549019,24,4,21,3,16,6,0.006176470588235295,0.16666666666666666,0.14285714285714285,0.375
669724,SI,51,94.95098039215686,6.2254901960784315,-1.4239215686274511,0.3707843137254902,22,1,18,4,19,6,0.002960784313725489,0.045454545454545456,0.2222222222222222,0.3157894736842105
694738,CU,51,76.13529411764706,6.176470588235294,1.5731372549019609,-0.5429411764705883,27,10,25,9,15,3,-0.022549019607843137,0.37037037037037035,0.36,0.2
596271,SI,51,87.62156862745098,6.013725490196078,-1.345686274509804,0.34862745098039216,25,2,18,4,23,8,-0.04264705882352942,0.08,0.2222222222222222,0.34782608695652173
695418,FF,50,95.036,5.794,-1.3184,0.8996,35,8,16,4,24,6,0.024419999999999997,0.22857142857142856,0.25,0.25
592332,FF,50,93.758,6.518,-1.0344,1.4884,20,2,21,4,16,2,-0.02276,0.1,0.19047619047619047,0.125
656302,SL,49,88.28571428571429,6.422448979591836,-0.008775510204081632,0.3936734693877551,23,10,27,9,13,2,0.011020408163265306,0.43478260869565216,0.3333333333333333,0.15384615384615385
671096,FF,49,90.80408163265305,6.357142857142857,0.6748979591836735,1.1579591836734695,20,2,23,4,18,4,-0.006428571428571431,0.1,0.17391304347826086,0.2222222222222222
642547,FF,49,93.00408163265305,6.775510204081633,-0.46408163265306124,1.447142857142857,21,2,23,6,18,6,-0.024142857142857143,0.09523809523809523,0.2608695652173913,0.3333333333333333
694738,SI,49,92.76938775510203,6.406122448979591,-1.7483673469387755,0.3977551020408163,15,0,24,2,13,3,-0.024224489795918375,0.0,0.08333333333333333,0.23076923076923078
664285,SI,48,93.54166666666667,5.845833333333334,1.3664583333333333,0.5510416666666667,20,3,21,3,17,3,0.04541666666666667,0.15,0.14285714285714285,0.17647058823529413
607067,FF,48,93.30208333333333,6.760416666666667,-0.685,1.2025,25,7,15,3,14,3,0.03216666666666667,0.28,0.2,0.21428571428571427
622663,FF,48,95.58333333333333,6.09375,-0.6929166666666666,1.416875,30,8,12,3,21,9,0.003708333333333333,0.26666666666666666,0.25,0.42857142857142855
605488,FF,48,90.32083333333333,6.54375,0.8158333333333333,1.4508333333333334,21,5,24,7,15,2,-0.0035625000000000014,0.23809523809523808,0.2916666666666667,0.13333333333333333
686799,SI,48,94.79375,6.422916666666667,-1.31625,0.3222916666666667,21,4,20,4,16,4,-0.015937499999999997,0.19047619047619047,0.2,0.25
622663,FC,48,92.39166666666667,6.3062499999999995,-0.089375,0.6927083333333334,20,5,25,4,14,4,-0.01647916666666667,0.25,0.16,0.2857142857142857
669093,FF,48,97.69791666666667,6.789583333333333,-0.27895833333333336,1.7277083333333332,29,6,24,8,20,2,-0.023520833333333335,0.20689655172413793,0.3333333333333333,0.1
680573,FF,47,93.14893617021276,6.540425531914893,-0.5757446808510638,1.664468085106383,27,10,19,4,16,5,0.06942553191489362,0.37037037037037035,0.21052631578947367,0.3125
542881,FF,47,88.62553191489361,5.9787234042553195,0.5197872340425532,1.6231914893617023,31,6,15,5,24,6,0.05621276595744681,0.1935483870967742,0.3333333333333333,0.25
434378,FF,46,94.01086956521739,6.0804347826086955,-0.7169565217391304,1.6341304347826087,30,8,18,7,20,4,0.02856521739130435,0.26666666666666666,0.3888888888888889,0.2
684007,FF,46,91.35652173913043,6.21304347826087,1.0517391304347827,1.5299999999999998,24,2,19,4,20,3,0.011,0.08333333333333333,0.21052631578947367,0.15
608331,FC,46,93.7304347826087,6.4913043478260875,-0.15934782608695652,0.9291304347826087,24,4,25,9,19,7,-0.0023913043478260843,0.16666666666666666,0.36,0.3684210526315789
668716,SI,46,94.94347826086955,6.7043478260869565,-1.2732608695652174,0.1858695652173913,18,1,23,4,15,4,-0.09069565217391304,0.05555555555555555,0.17391304347826086,0.26666666666666666
669194,FF,45,95.75999999999999,6.864444444444444,-0.20377777777777778,1.7333333333333334,24,6,17,5,17,1,0.039577777777777774,0.25,0.29411764705882354,0.058823529411764705
666200,FF,45,96.41555555555556,5.911111111111111,1.0057777777777777,1.1975555555555555,24,4,20,7,20,6,0.006866666666666667,0.16666666666666666,0.35,0.3
663623,FF,45,91.17777777777778,7.108888888888888,-0.8288888888888888,1.241111111111111,19,1,22,5,17,5,-0.01824444444444444,0.05263157894736842,0.22727272727272727,0.29411764705882354
682990,SI,45,93.09777777777776,6.497777777777777,-1.4006666666666667,0.6091111111111112,17,1,19,3,15,4,-0.023088888888888888,0.058823529411764705,0.15789473684210525,0.26666666666666666
656557,SI,44,93.9,6.3090909090909095,-1.4497727272727272,-0.021136363636363634,20,5,18,7,15,4,0.06402272727272727,0.25,0.3888888888888889,0.26666666666666666
669358,FF,44,96.56818181818181,6.543181818181818,-0.860909090909091,1.4968181818181818,16,2,17,3,13,5,0.05722727272727273,0.125,0.17647058823529413,0.38461538461538464
594798,FF,44,97.1659090909091,6.875,-0.7568181818181817,1.3838636363636363,29,8,12,2,18,6,0.018159090909090906,0.27586206896551724,0.16666666666666666,0.3333333333333333
656731,FF,44,95.7590909090909,7.145454545454545,-0.6647727272727273,1.3481818181818181,19,5,16,3,13,2,0.017522727272727273,0.2631578947368421,0.1875,0.15384615384615385
450203,FF,44,93.97727272727273,6.113636363636363,-0.9563636363636363,1.0827272727272728,18,5,25,5,11,4,-0.01647727272727273,0.2777777777777778,0.2,0.36363636363636365
682052,FF,44,89.89318181818182,6.986363636363635,1.1611363636363636,0.9343181818181818,22,2,26,8,19,1,-0.018931818181818185,0.09090909090909091,0.3076923076923077,0.05263157894736842
592662,FF,43,93.40697674418605,6.093023255813954,0.7504651162790699,1.5383720930232558,28,9,13,6,19,3,0.03183720930232558,0.32142857142857145,0.46153846153846156,0.15789473684210525
471911,SL,43,83.95348837209302,6.746511627906977,0.24604651162790697,0.2627906976744186,20,9,25,9,10,5,0.015767441860465116,0.45,0.36,0.5
641154,CH,43,86.43953488372094,6.9837209302325585,-1.379767441860465,0.27837209302325583,22,5,26,8,17,6,0.005186046511627904,0.22727272727272727,0.3076923076923077,0.35294117647058826
450203,CU,43,81.16279069767442,6.020930232558139,1.21,-0.7709302325581395,18,4,21,4,13,2,0.0035581395348837216,0.2222222222222222,0.19047619047619047,0.15384615384615385
607074,FF,43,95.17441860465117,6.03953488372093,0.8646511627906976,1.4841860465116279,17,3,17,3,13,3,0.0010697674418604637,0.17647058823529413,0.17647058823529413,0.23076923076923078
676962,FF,43,94.78837209302326,6.853488372093023,-0.6458139534883721,1.4255813953488372,19,6,18,3,12,5,-0.04497674418604652,0.3157894736842105,0.16666666666666666,0.4166666666666667
808963,FF,42,96.10714285714286,7.080952380952381,-0.8366666666666667,1.2349999999999999,19,0,15,2,19,6,0.01861904761904762,0.0,0.13333333333333333,0.3157894736842105
680951,FF,42,89.79761904761905,7.178571428571429,0.6597619047619048,1.4464285714285714,21,7,22,5,13,5,-0.059071428571428566,0.3333333333333333,0.22727272727272727,0.38461538461538464
700249,FF,41,92.46829268292683,6.141463414634146,0.7502439024390244,1.4782926829268292,17,4,18,2,13,5,0.04704878048780488,0.23529411764705882,0.1111111111111111,0.38461538461538464
669022,CU,41,82.13170731707318,6.880487804878049,-0.3253658536585366,-1.1565853658536587,17,9,31,12,8,2,0.026682926829268296,0.5294117647058824,0.3870967741935484,0.25
663460,FF,41,92.27317073170731,6.865853658536586,0.4680487804878049,1.4853658536585366,24,2,15,2,19,3,0.012878048780487802,0.08333333333333333,0.13333333333333333,0.15789473684210525
694973,FF,41,98.05121951219512,6.36829268292683,-1.2504878048780488,1.031219512195122,22,9,16,5,10,1,0.012829268292682928,0.4090909090909091,0.3125,0.1
665152,FF,41,94.21707317073171,6.173170731707317,-0.6465853658536586,1.5021951219512195,23,2,16,4,19,3,0.0007073170731707315,0.08695652173913043,0.25,0.15789473684210525
650911,SI,41,95.66829268292683,6.992682926829268,1.4692682926829268,0.49609756097560975,16,3,18,2,13,5,-0.004195121951219513,0.1875,0.1111111111111111,0.38461538461538464
681857,SI,41,94.92439024390244,5.9365853658536585,-1.268048780487805,1.048048780487805,13,0,20,2,13,7,-0.007804878048780488,0.0,0.1,0.5384615384615384
543135,FF,41,94.54878048780488,6.902439024390244,-1.1382926829268294,0.9970731707317074,14,1,14,1,13,5,-0.020975609756097562,0.07142857142857142,0.07142857142857142,0.38461538461538464
678215,SL,41,82.47560975609755,6.070731707317074,0.17292682926829267,0.35707317073170736,20,7,21,4,13,4,-0.025317073170731702,0.35,0.19047619047619047,0.3076923076923077
656550,FF,41,94.39512195121951,6.097560975609756,-0.6290243902439024,1.4092682926829267,12,1,20,1,10,3,-0.10595121951219513,0.08333333333333333,0.05,0.3
694297,FF,40,93.35,6.58,-0.42424999999999996,1.2950000000000002,18,3,24,7,15,1,0.0397,0.16666666666666666,0.2916666666666667,0.06666666666666667
641927,FF,40,90.25750000000001,7.407500000000001,-0.69725,1.402,21,2,15,4,19,2,0.035325,0.09523809523809523,0.26666666666666666,0.10526315789473684
641927,CH,40,82.78,7.2625,-1.534,0.42374999999999996,20,3,23,11,15,3,0.007599999999999997,0.15,0.4782608695652174,0.2
682243,FF,40,93.8775,6.245,-0.5157499999999999,1.6620000000000001,15,3,16,1,12,1,0.0024249999999999975,0.2,0.0625,0.08333333333333333
592866,FF,40,87.39,6.847499999999999,-0.023,0.73075,26,4,8,3,22,4,-0.0002000000000000066,0.15384615384615385,0.375,0.18181818181818182
571578,SL,40,78.81,6.7075000000000005,-0.2,-0.032,17,6,27,8,10,1,-0.012375000000000002,0.35294117647058826,0.2962962962962963,0.1
676106,SI,40,93.6125,6.09,-1.6255,0.51775,21,1,15,5,19,5,-0.015950000000000002,0.047619047619047616,0.3333333333333333,0.2631578947368421
607200,SI,40,92.535,6.6674999999999995,-1.1195,0.7705,14,2,16,3,12,4,-0.020125,0.14285714285714285,0.1875,0.3333333333333333
663855,ST,40,80.34,6.4925,0.95475,0.2375,22,8,24,10,13,3,-0.034725,0.36363636363636365,0.4166666666666667,0.23076923076923078
687064,FF,39,93.26410256410257,6.653846153846154,-0.18435897435897436,1.5256410256410255,21,7,23,11,13,3,0.0382051282051282,0.3333333333333333,0.4782608695652174,0.23076923076923078
669358,KC,39,84.3025641025641,6.346153846153846,0.6833333333333333,-1.1971794871794872,20,5,17,4,14,6,0.01771794871794872,0.25,0.23529411764705882,0.42857142857142855
656849,SI,39,91.43333333333334,7.225641025641026,1.2687179487179487,0.7576923076923077,14,4,14,4,10,5,0.011025641025641025,0.2857142857142857,0.2857142857142857,0.5
543294,SI,39,86.07435897435897,5.515384615384615,-1.2707692307692309,0.663076923076923,15,2,23,5,13,2,0.0008461538461538474,0.13333333333333333,0.21739130434782608,0.15384615384615385
694037,FF,38,98.07368421052632,6.678947368421053,-1.0215789473684211,1.2976315789473685,14,5,14,0,9,2,0.0425,0.35714285714285715,0.0,0.2222222222222222
543135,CU,38,76.13684210526316,6.834210526315789,0.7834210526315789,-0.6907894736842105,18,7,24,12,9,3,0.03573684210526316,0.3888888888888889,0.5,0.3333333333333333
667755,SI,38,96.12894736842105,6.697368421052632,-0.9371052631578948,0.2910526315789474,23,3,13,5,17,7,0.026447368421052636,0.13043478260869565,0.38461538461538464,0.4117647058823529
641154,ST,38,84.43684210526315,7.118421052631579,1.0026315789473685,0.0018421052631578964,19,6,23,12,11,0,0.022842105263157893,0.3157894736842105,0.5217391304347826,0.0
663623,SI,38,90.89473684210526,7.081578947368421,-1.424736842105263,0.5989473684210527,22,1,10,2,20,5,0.017894736842105262,0.045454545454545456,0.2,0.25
681343,FF,38,94.21052631578948,6.744736842105263,-0.47210526315789475,1.230263157894737,15,2,10,0,13,1,2.6315789473686607e-05,0.13333333333333333,0.0,0.07692307692307693
676684,FF,38,97.08157894736841,6.378947368421053,-0.5173684210526316,1.391842105263158,16,5,17,1,11,3,-0.019157894736842106,0.3125,0.058823529411764705,0.2727272727272727
641816,FF,38,92.33421052631579,6.5131578947368425,-0.9113157894736843,1.505,14,0,17,2,14,2,-0.02307894736842106,0.0,0.11764705882352941,0.14285714285714285
670102,FF,38,93.25263157894737,6.681578947368421,-0.5544736842105263,1.588421052631579,25,5,12,4,19,7,-0.031815789473684214,0.2,0.3333333333333333,0.3684210526315789
519141,FF,37,92.7081081081081,5.8297297297297295,0.19837837837837838,1.5735135135135134,21,7,13,4,12,3,0.06756756756756757,0.3333333333333333,0.3076923076923077,0.25
622663,SI,37,95.02702702702703,6.227027027027027,-1.2264864864864866,1.0556756756756758,19,3,14,6,14,3,0.04454054054054054,0.15789473684210525,0.42857142857142855,0.21428571428571427
657376,FC,37,92.6837837837838,6.232432432432432,-0.022702702702702703,0.8729729729729729,10,2,23,2,7,0,0.010972972972972972,0.2,0.08695652173913043,0.0
686993,FF,37,93.58108108108108,6.437837837837837,-0.6813513513513514,1.4562162162162162,19,4,22,8,14,1,0.0027837837837837846,0.21052631578947367,0.36363636363636365,0.07142857142857142
657277,SI,37,92.34864864864865,6.986486486486487,-1.5621621621621622,0.19513513513513514,16,1,13,3,14,4,-0.013837837837837832,0.0625,0.23076923076923078,0.2857142857142857
471911,SI,37,90.53783783783784,6.789189189189189,-1.0991891891891892,0.38054054054054054,18,4,18,4,13,6,-0.041135135135135135,0.2222222222222222,0.2222222222222222,0.46153846153846156
672782,FF,37,93.54054054054055,6.845945945945946,-0.4289189189189189,1.3451351351351353,13,2,18,1,11,2,-0.061972972972972974,0.15384615384615385,0.05555555555555555,0.18181818181818182
656302,FF,37,95.67567567567568,6.37027027027027,-0.45918918918918916,1.628918918918919,17,7,23,6,9,2,-0.06772972972972974,0.4117647058823529,0.2608695652173913,0.2222222222222222
543135,FC,36,91.01388888888889,6.9,-0.0661111111111111,1.0341666666666667,16,2,14,2,12,3,0.052,0.125,0.14285714285714285,0.25
663559,FF,36,91.38888888888889,7.105555555555556,0.2652777777777778,1.4794444444444443,11,1,14,1,9,4,0.020000000000000004,0.09090909090909091,0.07142857142857142,0.4444444444444444
671922,FF,36,95.13888888888889,7.491666666666666,-0.7422222222222222,1.4322222222222223,13,5,24,5,7,2,0.01433333333333333,0.38461538461538464,0.20833333333333334,0.2857142857142857
605135,SI,36,90.90833333333333,6.3805555555555555,-1.5297222222222222,0.4272222222222222,18,1,12,5,17,5,0.011500000000000002,0.05555555555555555,0.4166666666666667,0.29411764705882354
608566,SL,36,89.59722222222223,5.686111111111111,-0.01916666666666667,0.45222222222222225,15,4,17,5,11,0,0.010583333333333337,0.26666666666666666,0.29411764705882354,0.0
665795,CH,36,94.34722222222223,6.519444444444444,-1.331388888888889,0.31055555555555553,18,1,20,6,16,7,-0.002416666666666666,0.05555555555555555,0.3,0.4375
656288,FF,36,94.29166666666667,6.1194444444444445,-0.9202777777777779,1.3127777777777778,13,2,21,4,8,1,-0.004833333333333335,0.15384615384615385,0.19047619047619047,0.125
663903,SI,36,92.65,6.855555555555556,-1.4027777777777777,0.8713888888888889,12,3,21,2,7,3,-0.014888888888888887,0.25,0.09523809523809523,0.42857142857142855
676962,KC,36,85.92222222222222,6.644444444444444,0.2538888888888889,-0.3638888888888889,21,8,21,10,13,4,-0.01883333333333333,0.38095238095238093,0.47619047619047616,0.3076923076923077
596271,CH,36,80.54722222222222,6.113888888888889,-1.4372222222222222,0.06722222222222222,15,2,27,10,11,2,-0.019972222222222218,0.13333333333333333,0.37037037037037035,0.18181818181818182
669211,FF,36,93.33333333333333,5.677777777777778,1.0583333333333333,1.4294444444444445,17,3,18,3,13,2,-0.025083333333333332,0.17647058823529413,0.16666666666666666,0.15384615384615385
693312,FF,36,96.35555555555555,6.902777777777778,-0.49027777777777776,1.4694444444444443,15,1,17,3,13,2,-0.03513888888888889,0.06666666666666667,0.17647058823529413,0.15384615384615385
656427,FF,36,93.43333333333334,6.569444444444445,-0.4719444444444444,1.3763888888888889,19,2,14,5,16,2,-0.05694444444444445,0.10526315789473684,0.35714285714285715,0.125
622491,FF,35,95.20857142857143,5.2628571428571425,-1.1357142857142857,1.0771428571428572,23,6,12,2,17,6,0.06105714285714286,0.2608695652173913,0.16666666666666666,0.35294117647058826
554430,FF,35,96.07142857142857,7.1971428571428575,-0.7588571428571428,1.2757142857142856,17,3,11,2,12,1,0.027885714285714285,0.17647058823529413,0.18181818181818182,0.08333333333333333
686613,FF,35,96.79714285714286,6.648571428571429,-0.4894285714285714,1.3554285714285714,14,4,18,4,10,1,0.02202857142857143,0.2857142857142857,0.2222222222222222,0.1
676979,SI,35,95.78285714285714,6.7057142857142855,1.404,0.5837142857142857,14,1,19,7,12,1,0.0174,0.07142857142857142,0.3684210526315789,0.08333333333333333
682990,SL,35,85.34571428571428,6.365714285714286,0.28828571428571426,0.009142857142857144,19,4,23,9,14,2,0.016685714285714283,0.21052631578947367,0.391304347826087,0.14285714285714285
693821,SL,35,83.84285714285714,5.928571428571429,0.24942857142857144,0.03285714285714286,19,6,17,7,13,5,0.011399999999999997,0.3157894736842105,0.4117647058823529,0.38461538461538464
682842,SL,35,87.39714285714285,6.462857142857143,0.7671428571428572,0.4074285714285714,20,12,17,6,7,0,0.006114285714285713,0.6,0.35294117647058826,0.0
663978,CH,35,84.40285714285714,7.114285714285714,-1.3908571428571428,0.5414285714285714,16,2,23,6,14,4,0.005428571428571432,0.125,0.2608695652173913,0.2857142857142857
594902,FF,35,89.77714285714285,6.9,-0.8694285714285714,1.362,14,2,15,4,10,4,0.0025142857142857115,0.14285714285714285,0.26666666666666666,0.4
666277,SI,35,95.53714285714287,6.314285714285714,-1.3757142857142857,0.4002857142857143,17,4,15,5,13,5,-0.027142857142857146,0.23529411764705882,0.3333333333333333,0.38461538461538464
543294,CH,35,79.16571428571429,5.548571428571428,-0.9231428571428572,0.818,12,2,23,5,10,4,-0.05191428571428571,0.16666666666666666,0.21739130434782608,0.4
805123,FF,35,93.88857142857142,6.651428571428572,-1.089142857142857,1.4768571428571429,20,8,11,0,11,5,-0.05357142857142857,0.4,0.0,0.45454545454545453
700669,FF,34,96.50882352941177,6.420588235294118,-0.4420588235294117,1.2773529411764706,22,6,13,7,15,2,0.06447058823529413,0.2727272727272727,0.5384615384615384,0.13333333333333333
683409,FF,34,96.26470588235294,6.338235294117647,-1.0682352941176472,0.7655882352941177,14,0,13,2,13,4,0.028470588235294116,0.0,0.15384615384615385,0.3076923076923077
680732,FF,34,94.23823529411764,6.947058823529411,-0.2723529411764706,1.5841176470588234,11,4,18,2,7,2,0.018470588235294117,0.36363636363636365,0.1111111111111111,0.2857142857142857
676664,FF,34,91.34705882352942,6.529411764705882,0.9479411764705882,1.1338235294117647,15,1,10,2,14,3,0.018294117647058822,0.06666666666666667,0.2,0.21428571428571427
571510,FF,34,93.18529411764706,6.367647058823529,1.1126470588235293,1.1041176470588234,14,1,15,2,13,2,0.012647058823529414,0.07142857142857142,0.13333333333333333,0.15384615384615385
700270,FF,34,94.60000000000001,6.097058823529412,-0.6614705882352941,1.3879411764705882,17,0,16,2,16,8,-0.009852941176470589,0.0,0.125,0.5
669160,ST,34,85.43529411764706,6.458823529411765,1.4255882352941176,-0.16852941176470587,13,4,22,5,7,4,-0.02176470588235294,0.3076923076923077,0.22727272727272727,0.5714285714285714
657612,SI,34,88.66470588235293,6.661764705882353,1.388529411764706,-0.525,15,1,12,3,12,6,-0.0371764705882353,0.06666666666666667,0.25,0.5
547179,FF,34,94.33235294117648,5.882352941176471,-0.8229411764705883,1.2632352941176472,14,0,16,3,14,3,-0.13126470588235295,0.0,0.1875,0.21428571428571427
669211,SL,33,85.46969696969697,5.627272727272727,-0.3187878787878788,0.22272727272727272,18,7,13,5,11,2,0.07021212121212121,0.3888888888888889,0.38461538461538464,0.18181818181818182
694477,FC,33,88.36969696969696,6.327272727272728,-0.025454545454545455,1.1527272727272726,18,3,17,7,15,5,0.04839393939393939,0.16666666666666666,0.4117647058823529,0.3333333333333333
673540,FO,33,83.78787878787878,6.451515151515152,-0.7727272727272727,0.04787878787878788,16,5,24,9,9,1,0.045848484848484854,0.3125,0.375,0.1111111111111111
695549,SL,33,88.93030303030302,6.106060606060606,0.49333333333333335,0.10848484848484849,12,4,15,5,8,1,0.03760606060606061,0.3333333333333333,0.3333333333333333,0.125
676664,ST,33,77.13333333333334,6.415151515151515,-1.2336363636363636,0.4627272727272727,19,3,14,6,14,3,0.033363636363636366,0.15789473684210525,0.42857142857142855,0.21428571428571427
674285,SI,33,94.14242424242424,6.721212121212122,-1.2827272727272727,0.5078787878787879,14,1,11,2,9,4,0.031121212121212126,0.07142857142857142,0.18181818181818182,0.4444444444444444
518397,SI,33,90.92121212121212,6.290909090909091,0.9972727272727274,0.23636363636363636,16,2,15,3,12,3,0.016272727272727272,0.125,0.2,0.25
668964,FF,33,92.07878787878788,6.715151515151515,-0.42696969696969694,1.6824242424242424,14,1,17,3,13,4,0.009030303030303027,0.07142857142857142,0.17647058823529413,0.3076923076923077
623211,CH,33,90.46969696969697,5.83030303030303,-1.4518181818181817,0.15242424242424243,16,5,16,6,9,5,-0.002545454545454546,0.3125,0.375,0.5555555555555556
592866,ST,33,77.07575757575758,6.972727272727273,0.8560606060606061,0.6815151515151516,15,3,22,8,12,3,-0.006454545454545452,0.2,0.36363636363636365,0.25
656550,SL,33,84.9060606060606,6.178787878787879,0.1390909090909091,-0.15242424242424243,19,5,18,6,12,4,-0.03972727272727273,0.2631578947368421,0.3333333333333333,0.3333333333333333
596271,ST,33,77.85757575757576,6.057575757575758,0.9875757575757577,0.33636363636363636,10,2,19,2,8,4,-0.06842424242424243,0.2,0.10526315789473684,0.5
608566,FF,33,95.26969696969697,5.642424242424242,-0.8336363636363636,1.1081818181818182,16,0,13,3,15,4,-0.08551515151515152,0.0,0.23076923076923078,0.26666666666666666
801403,CU,32,78.971875,6.21875,1.005625,-0.5853125,20,7,18,7,13,2,0.09375,0.35,0.3888888888888889,0.15384615384615385
686563,CH,32,85.6375,6.1875,-1.3634375,0.08812500000000001,19,10,18,6,9,0,0.0606875,0.5263157894736842,0.3333333333333333,0.0
661403,FC,32,99.209375,6.646875,0.39625,1.008125,19,6,11,4,12,1,0.02121875,0.3157894736842105,0.36363636363636365,0.08333333333333333
669387,FF,32,94.840625,6.39375,-0.761875,0.915625,13,1,16,2,12,3,0.0094375,0.07692307692307693,0.125,0.25
808967,FF,32,95.240625,6.259375,-0.650625,1.381875,13,2,11,2,11,1,0.009031250000000001,0.15384615384615385,0.18181818181818182,0.09090909090909091
656427,KC,32,77.109375,6.4125,1.1175,-0.7553124999999999,14,5,21,7,8,1,0.0025312499999999988,0.35714285714285715,0.3333333333333333,0.125
607200,ST,32,81.71875,6.625,1.0784375,0.356875,16,5,15,3,9,2,0.002000000000000001,0.3125,0.2,0.2222222222222222
663554,FS,32,89.125,6.7875,-1.329375,0.344375,17,6,21,9,10,3,-0.02175,0.35294117647058826,0.42857142857142855,0.3
656557,ST,32,82.815625,5.978125,1.225,-0.1990625,11,3,11,2,8,2,-0.046718749999999996,0.2727272727272727,0.18181818181818182,0.25
668881,SL,32,89.44375,6.36875,0.4321875,0.29031250000000003,16,9,21,8,7,2,-0.05449999999999999,0.5625,0.38095238095238093,0.2857142857142857
608337,CH,32,82.475,6.928125,-1.179375,0.94875,21,4,12,5,16,4,-0.08503125,0.19047619047619047,0.4166666666666667,0.25
518585,FS,31,80.41290322580646,6.95483870967742,-0.3103225806451613,0.014838709677419354,22,11,17,11,10,2,0.05874193548387097,0.5,0.6470588235294118,0.2
592454,CH,31,86.30000000000001,6.774193548387097,-1.0316129032258066,0.13935483870967744,12,4,14,2,8,0,0.05145161290322581,0.3333333333333333,0.14285714285714285,0.0
669160,SI,31,94.28709677419356,6.577419354838709,-1.4983870967741937,0.37741935483870964,14,0,13,2,14,5,0.05145161290322581,0.0,0.15384615384615385,0.35714285714285715
666200,ST,31,85.37096774193549,5.816129032258065,-0.8348387096774194,0.12,14,7,22,9,6,1,0.0364516129032258,0.5,0.4090909090909091,0.16666666666666666
657044,SI,31,89.81290322580645,6.880645161290323,-1.207741935483871,-0.6864516129032259,12,5,15,5,6,2,0.029580645161290324,0.4166666666666667,0.3333333333333333,0.3333333333333333
674370,CH,31,88.13548387096773,6.32258064516129,-1.3264516129032258,0.8341935483870968,18,1,8,1,16,3,0.028516129032258065,0.05555555555555555,0.125,0.1875
676974,SL,31,89.27741935483871,6.358064516129032,0.2945161290322581,-0.09032258064516129,16,4,13,5,11,4,0.021580645161290324,0.25,0.38461538461538464,0.36363636363636365
621199,SI,31,90.90322580645162,6.683870967741935,-1.501290322580645,0.3529032258064516,14,4,13,4,10,2,0.019161290322580647,0.2857142857142857,0.3076923076923077,0.2
693821,SI,31,90.80967741935484,6.009677419354839,-0.9925806451612903,0.6019354838709677,7,0,16,2,7,1,0.004483870967741936,0.0,0.125,0.14285714285714285
621363,FF,31,93.20967741935483,7.335483870967742,0.33096774193548384,1.7000000000000002,14,2,10,3,11,5,-0.0008387096774193565,0.14285714285714285,0.3,0.45454545454545453
701542,FF,31,93.82903225806452,6.803225806451613,-0.7812903225806451,1.3793548387096775,11,2,14,0,9,2,-0.011548387096774195,0.18181818181818182,0.0,0.2222222222222222
594798,SL,30,89.21333333333334,6.819999999999999,0.4936666666666667,0.11033333333333334,17,8,16,9,8,1,0.09123333333333333,0.47058823529411764,0.5625,0.125
592836,FC,30,85.88000000000001,5.8566666666666665,0.31366666666666665,1.0633333333333335,15,4,12,4,11,1,0.0568,0.26666666666666666,0.3333333333333333,0.09090909090909091
656876,FC,30,89.63000000000001,6.6466666666666665,0.367,0.32733333333333337,16,4,17,8,11,3,0.0374,0.25,0.47058823529411764,0.2727272727272727
663855,SI,30,94.39,6.59,-1.3843333333333334,0.5003333333333333,13,0,10,2,12,5,0.03463333333333333,0.0,0.2,0.4166666666666667
666157,FF,30,93.86,6.243333333333334,1.1486666666666667,0.58,14,5,17,4,8,0,0.030833333333333334,0.35714285714285715,0.23529411764705882,0.0
684007,FS,30,82.99,6.376666666666667,1.143,0.6486666666666667,17,7,18,8,9,3,0.0267,0.4117647058823529,0.4444444444444444,0.3333333333333333
663372,FF,30,92.78666666666666,6.256666666666666,-0.33566666666666667,0.8583333333333333,16,2,13,4,13,2,-0.056633333333333334,0.125,0.3076923076923077,0.15384615384615385
668909,FF,30,96.87333333333332,7.13,-0.908,1.3210000000000002,17,3,15,5,11,4,-0.0826,0.17647058823529413,0.3333333333333333,0.36363636363636365
669467,FF,30,94.28333333333333,6.55,-0.042666666666666665,0.8109999999999999,16,0,8,1,16,6,-0.09013333333333333,0.0,0.125,0.375
641778,FF,29,91.13448275862069,6.248275862068965,0.9213793103448276,1.3258620689655174,16,4,10,3,10,3,0.045,0.25,0.3,0.3
676440,FC,29,86.29310344827586,6.782758620689655,0.5913793103448275,0.3182758620689655,15,6,16,5,9,1,0.04479310344827586,0.4,0.3125,0.1111111111111111
571945,FF,29,92.75172413793103,6.189655172413793,-0.7324137931034482,1.2389655172413794,18,3,9,5,13,3,0.035586206896551724,0.16666666666666666,0.5555555555555556,0.23076923076923078
669373,CH,29,89.21724137931035,6.372413793103449,1.2396551724137932,0.5996551724137931,16,10,12,4,6,1,0.02813793103448276,0.625,0.3333333333333333,0.16666666666666666
656605,FF,29,93.80344827586208,6.293103448275862,-0.7286206896551723,1.2541379310344827,17,1,11,4,16,2,0.005034482758620688,0.058823529411764705,0.36363636363636365,0.125
655889,SL,29,89.15517241379311,6.627586206896551,0.2110344827586207,0.0603448275862069,14,1,14,3,12,2,0.002310344827586206,0.07142857142857142,0.21428571428571427,0.16666666666666666
656876,SI,29,94.8,6.686206896551725,-1.1741379310344826,1.1151724137931034,17,1,12,4,15,2,-0.0003448275862068928,0.058823529411764705,0.3333333333333333,0.13333333333333333
664062,FF,29,92.64137931034483,5.862068965517241,-0.6906896551724139,1.3924137931034484,17,4,9,2,12,3,-0.0037931034482758625,0.23529411764705882,0.2222222222222222,0.25
682989,SI,29,94.66896551724139,6.541379310344827,-1.5427586206896553,0.7693103448275862,13,1,13,1,11,5,-0.007379310344827585,0.07692307692307693,0.07692307692307693,0.45454545454545453
808963,FO,29,85.66551724137932,7.13448275862069,-0.07862068965517242,-0.31758620689655176,16,7,20,7,8,3,-0.01013793103448276,0.4375,0.35,0.375
678495,FF,29,96.34482758620689,6.589655172413793,-0.6051724137931035,1.4686206896551726,10,0,18,4,9,1,-0.01817241379310345,0.0,0.2222222222222222,0.1111111111111111
592791,FF,29,92.61724137931034,6.8517241379310345,-0.6934482758620689,1.5234482758620689,15,2,16,7,12,6,-0.022241379310344825,0.13333333333333333,0.4375,0.5
571578,SI,29,91.32413793103449,6.751724137931035,1.2813793103448274,0.8527586206896551,14,2,14,5,10,3,-0.022344827586206897,0.14285714285714285,0.35714285714285715,0.3
593958,FF,29,90.49655172413793,6.093103448275862,0.5613793103448276,1.4451724137931032,15,1,14,4,12,4,-0.024,0.06666666666666667,0.2857142857142857,0.3333333333333333
650633,CH,29,86.62068965517241,6.068965517241379,-1.7758620689655173,0.40689655172413797,18,5,16,7,13,3,-0.032068965517241386,0.2777777777777778,0.4375,0.23076923076923078
680951,SL,29,86.01379310344828,7.068965517241379,-0.5920689655172414,0.4072413793103448,14,3,15,2,10,3,-0.03462068965517241,0.21428571428571427,0.13333333333333333,0.3
645261,CH,29,89.41724137931034,5.948275862068965,-1.426896551724138,0.4517241379310345,14,4,21,7,9,0,-0.04217241379310344,0.2857142857142857,0.3333333333333333,0.0
656876,FF,29,95.2344827586207,6.6689655172413795,-0.33172413793103445,1.4727586206896552,13,3,12,3,10,3,-0.044586206896551725,0.23076923076923078,0.25,0.3
592773,FF,29,98.78275862068965,5.931034482758621,-0.736551724137931,1.566551724137931,20,4,10,3,16,1,-0.11520689655172414,0.2,0.3,0.0625
680880,FS,28,86.51071428571429,7.235714285714286,-0.9364285714285714,0.10535714285714286,20,7,18,10,13,2,0.06332142857142857,0.35,0.5555555555555556,0.15384615384615385
670970,SI,28,97.68214285714285,6.292857142857143,1.332857142857143,0.885,14,2,11,5,12,2,0.06310714285714286,0.14285714285714285,0.45454545454545453,0.16666666666666666
608032,FF,28,95.55357142857143,6.335714285714286,-0.7257142857142858,1.3760714285714286,11,0,10,2,10,2,0.03653571428571428,0.0,0.2,0.2
605400,KC,28,78.06785714285715,6.728571428571429,1.2685714285714287,-0.8732142857142857,17,5,11,4,10,2,0.026035714285714284,0.29411764705882354,0.36363636363636365,0.2
669467,SL,28,88.95357142857142,6.678571428571429,0.47000000000000003,0.048571428571428564,11,5,23,8,5,2,0.025214285714285713,0.45454545454545453,0.34782608695652173,0.4
702070,FF,28,92.11071428571428,6.103571428571429,0.33999999999999997,1.1810714285714285,11,0,14,0,11,4,0.01875,0.0,0.0,0.36363636363636365
657746,ST,28,79.89999999999999,6.553571428571429,1.712142857142857,-0.17392857142857143,11,7,16,3,3,1,0.0008214285714285734,0.6363636363636364,0.1875,0.3333333333333333
656234,ST,28,83.91071428571429,5.778571428571429,1.2292857142857143,0.35000000000000003,18,5,8,5,12,1,-0.004892857142857143,0.2777777777777778,0.625,0.08333333333333333
650911,CH,28,86.71428571428571,7.085714285714286,1.3,-0.05178571428571429,11,7,18,3,3,1,-0.016642857142857143,0.6363636363636364,0.16666666666666666,0.3333333333333333
678215,FF,28,93.48214285714286,6.010714285714286,-0.7328571428571429,1.4357142857142857,9,3,15,0,6,0,-0.017035714285714286,0.3333333333333333,0.0,0.0
674370,FF,28,94.53214285714286,6.25,-0.9439285714285715,1.3357142857142856,12,3,14,4,9,3,-0.024178571428571428,0.25,0.2857142857142857,0.3333333333333333
668984,FF,28,94.03214285714286,6.692857142857143,-1.2678571428571428,1.162857142857143,16,5,14,6,10,2,-0.04142857142857143,0.3125,0.42857142857142855,0.2
518876,CH,27,88.71481481481482,6.096296296296296,-1.5018518518518518,0.07444444444444444,20,4,20,13,15,5,0.07407407407407407,0.2,0.65,0.3333333333333333
676979,FC,27,91.43333333333332,6.555555555555555,-0.33444444444444443,0.6759259259259259,13,1,9,2,12,1,0.06211111111111111,0.07692307692307693,0.2222222222222222,0.08333333333333333
663903,SL,27,82.88888888888889,6.707407407407407,0.37925925925925924,-0.1748148148148148,12,4,20,5,7,2,0.04329629629629629,0.3333333333333333,0.25,0.2857142857142857
700363,FF,27,93.9,7.011111111111112,-0.6403703703703704,1.165925925925926,16,2,6,2,14,6,0.03992592592592593,0.125,0.3333333333333333,0.42857142857142855
669854,SL,27,85.88888888888889,6.822222222222222,0.21555555555555556,0.5755555555555556,18,8,11,7,10,3,0.039185185185185184,0.4444444444444444,0.6363636363636364,0.3
669387,ST,27,83.95555555555556,6.403703703703704,0.6477777777777777,0.4807407407407407,13,4,13,4,9,2,0.035777777777777776,0.3076923076923077,0.3076923076923077,0.2222222222222222
696270,ST,27,82.0851851851852,6.185185185185185,0.952962962962963,0.557037037037037,14,6,11,5,8,1,0.03233333333333333,0.42857142857142855,0.45454545454545453,0.125
641793,SL,27,88.59629629629629,6.203703703703703,-0.07962962962962962,0.6211111111111111,16,3,9,2,12,4,0.030333333333333337,0.1875,0.2222222222222222,0.3333333333333333
672456,FF,27,93.89259259259259,6.437037037037038,-0.5322222222222222,1.3944444444444444,15,2,8,2,13,3,0.008074074074074074,0.13333333333333333,0.25,0.23076923076923078
673540,FF,27,95.01481481481481,6.533333333333333,-0.7748148148148148,1.357037037037037,12,4,12,1,8,4,0.007407407407407407,0.3333333333333333,0.08333333333333333,0.5
592779,FF,27,95.86296296296297,6.5777777777777775,-0.5822222222222222,1.3251851851851852,15,4,7,1,9,4,-0.005111111111111115,0.26666666666666666,0.14285714285714285,0.4444444444444444
687911,FF,27,92.07777777777777,6.57037037037037,0.30111111111111116,1.1914814814814816,14,5,6,2,9,1,-0.0070740740740740755,0.35714285714285715,0.3333333333333333,0.1111111111111111
681343,CH,27,89.24814814814815,6.818518518518518,-1.43,0.1274074074074074,12,4,17,5,8,0,-0.00725925925925926,0.3333333333333333,0.29411764705882354,0.0
683004,SL,27,88.03333333333333,6.5851851851851855,0.3048148148148148,0.20259259259259257,11,2,16,4,8,0,-0.015851851851851853,0.18181818181818182,0.25,0.0
622253,SI,27,92.29629629629629,6.337037037037037,-1.404074074074074,0.1725925925925926,9,1,16,4,8,2,-0.01662962962962963,0.1111111111111111,0.25,0.25
683409,CH,27,87.63333333333333,6.292592592592593,-0.7759259259259259,0.6311111111111111,10,4,21,4,5,1,-0.031296296296296294,0.4,0.19047619047619047,0.2
667755,KC,27,84.57407407407408,6.611111111111111,1.1362962962962964,-0.8937037037037037,10,3,15,4,6,1,-0.03237037037037037,0.3,0.26666666666666666,0.16666666666666666
605488,SL,27,83.08148148148148,6.311111111111111,-0.35111111111111115,0.19555555555555557,10,3,12,0,7,1,-0.03911111111111111,0.3,0.0,0.14285714285714285
695534,SL,27,91.18148148148148,6.270370370370371,-0.12555555555555553,0.11185185185185186,13,5,18,8,7,1,-0.04429629629629629,0.38461538461538464,0.4444444444444444,0.14285714285714285
579328,FF,27,93.8037037037037,6.7407407407407405,0.8944444444444444,1.2777777777777777,10,0,9,0,10,2,-0.0572962962962963,0.0,0.0,0.2
682052,SL,27,78.67407407407407,6.714814814814815,-0.6855555555555555,-0.004074074074074074,14,2,14,4,10,3,-0.062,0.14285714285714285,0.2857142857142857,0.3
672391,FF,27,96.37407407407407,6.388888888888889,-0.7322222222222222,1.5307407407407407,7,0,14,2,7,2,-0.06344444444444444,0.0,0.14285714285714285,0.2857142857142857
641329,FF,27,96.84814814814816,6.403703703703704,-0.2874074074074074,1.5192592592592593,13,5,14,3,8,1,-0.09622222222222224,0.38461538461538464,0.21428571428571427,0.125
669854,FF,27,93.55185185185185,6.855555555555555,-0.6325925925925925,1.5844444444444445,9,2,14,2,7,3,-0.11477777777777778,0.2222222222222222,0.14285714285714285,0.42857142857142855
547179,CU,26,82.07307692307693,5.9192307692307695,0.255,-1.1146153846153846,14,3,13,6,9,2,0.06857692307692308,0.21428571428571427,0.46153846153846156,0.2222222222222222
595345,SL,26,81.01538461538462,6.184615384615385,-0.7207692307692307,0.45615384615384613,15,6,12,5,9,3,0.0565,0.4,0.4166666666666667,0.3333333333333333
669422,FC,26,89.8076923076923,6.446153846153846,0.3869230769230769,0.6192307692307693,13,2,11,5,11,0,0.05534615384615385,0.15384615384615385,0.45454545454545453,0.0
641745,FF,26,96.73846153846154,6.019230769230769,-0.07923076923076923,1.2807692307692307,15,3,7,1,12,2,0.05153846153846154,0.2,0.14285714285714285,0.16666666666666666
666157,CH,26,87.41538461538462,6.303846153846154,1.0173076923076922,0.18692307692307694,18,3,8,3,12,2,0.0515,0.16666666666666666,0.375,0.16666666666666666
656731,SL,26,84.45769230769231,7.0,0.2773076923076923,-0.5357692307692308,11,6,20,8,4,0,0.047730769230769236,0.5454545454545454,0.4,0.0
656234,SI,26,94.23076923076923,5.834615384615384,-0.7576923076923077,0.021538461538461538,14,5,10,4,7,5,0.046961538461538464,0.35714285714285715,0.4,0.7142857142857143
676440,SI,26,94.50384615384615,6.742307692307692,-1.2553846153846153,0.7261538461538461,12,1,8,2,10,3,0.04619230769230769,0.08333333333333333,0.25,0.3
471911,CH,26,84.83461538461538,6.7192307692307685,-0.5857692307692308,0.06461538461538462,15,8,20,9,6,1,0.040807692307692316,0.5333333333333333,0.45,0.16666666666666666
621244,SI,26,91.99615384615385,6.5807692307692305,-1.3226923076923076,0.8242307692307692,13,0,10,1,13,3,0.03365384615384615,0.0,0.1,0.23076923076923078
622608,SL,26,86.5653846153846,5.9692307692307685,0.5261538461538462,0.33884615384615385,13,3,15,4,9,2,0.008769230769230769,0.23076923076923078,0.26666666666666666,0.2222222222222222
686752,FF,26,94.5923076923077,6.838461538461539,-0.7053846153846154,1.713076923076923,10,3,10,2,7,1,-0.018538461538461535,0.3,0.2,0.14285714285714285
663158,FF,26,97.53846153846153,6.757692307692308,-0.6846153846153846,1.668076923076923,15,1,10,3,12,2,-0.021961538461538463,0.06666666666666667,0.3,0.16666666666666666
680880,FF,26,94.26538461538462,7.142307692307692,-0.73,1.183846153846154,13,4,15,5,9,3,-0.024615384615384615,0.3076923076923077,0.3333333333333333,0.3333333333333333
571760,FF,26,89.37692307692308,6.361538461538462,1.51,1.0911538461538461,13,1,10,4,11,4,-0.025115384615384616,0.07692307692307693,0.4,0.36363636363636365
641755,SL,26,88.13461538461539,5.619230769230769,0.26615384615384613,0.20884615384615385,14,3,12,3,10,1,-0.027153846153846153,0.21428571428571427,0.25,0.1
676282,FF,26,91.54615384615384,7.303846153846154,0.5373076923076924,1.445769230769231,9,1,12,0,8,2,-0.0275,0.1111111111111111,0.0,0.25
669713,FF,26,92.2576923076923,6.776923076923077,-0.583076923076923,1.0907692307692307,14,2,10,2,12,1,-0.03726923076923077,0.14285714285714285,0.2,0.08333333333333333
687134,FF,26,94.64615384615385,6.434615384615385,-0.32653846153846156,1.2096153846153845,9,1,10,1,7,1,-0.03734615384615385,0.1111111111111111,0.1,0.14285714285714285
663947,FC,26,88.83846153846154,6.449999999999999,-0.32769230769230767,0.788076923076923,13,1,13,3,11,4,-0.05246153846153846,0.07692307692307693,0.23076923076923078,0.36363636363636365
687473,FF,26,93.33846153846154,6.43076923076923,-0.4719230769230769,1.5611538461538463,10,2,15,3,8,3,-0.0715,0.2,0.2,0.375
642708,EP,26,48.926923076923075,4.242307692307692,-0.4642307692307692,1.3434615384615385,8,0,19,3,8,4,-0.09211538461538461,0.0,0.15789473684210525,0.5
672578,FF,25,97.412,6.9639999999999995,-0.674,1.452,13,2,9,4,9,4,0.06455999999999999,0.15384615384615385,0.4444444444444444,0.4444444444444444
608566,SI,25,94.632,5.68,-1.114,0.772,16,1,7,2,14,4,0.05144,0.0625,0.2857142857142857,0.2857142857142857
605280,SI,25,93.684,5.976,-1.0796000000000001,0.2652,13,1,6,3,11,4,0.046799999999999994,0.07692307692307693,0.5,0.36363636363636365
592662,SL,25,87.616,6.044,0.1696,0.7236,16,8,13,5,7,1,0.04076,0.5,0.38461538461538464,0.14285714285714285
607625,FF,25,92.38,6.024,-0.5568,1.3204,12,3,3,0,9,5,0.03752,0.25,0.0,0.5555555555555556
682847,FF,25,95.824,6.76,-1.0744,1.0452,8,2,12,1,6,0,0.03632,0.25,0.08333333333333333,0.0
664285,CU,25,78.264,5.768,-1.1523999999999999,-1.1104,13,3,14,6,10,4,0.025519999999999998,0.23076923076923078,0.42857142857142855,0.4
684974,CH,25,76.708,6.787999999999999,-1.5292,-0.21080000000000002,13,3,11,4,10,2,0.02548,0.23076923076923078,0.36363636363636365,0.2
678020,FF,25,100.052,6.896,-0.726,1.0384,11,2,8,4,9,2,0.01608,0.18181818181818182,0.5,0.2222222222222222
668933,FC,25,96.916,5.38,0.1416,0.716,7,2,16,5,5,1,0.01568,0.2857142857142857,0.3125,0.2
676477,SI,25,95.396,7.236000000000001,-1.0476,1.3319999999999999,16,4,7,1,12,3,0.010159999999999997,0.25,0.14285714285714285,0.25
672782,ST,25,81.172,6.812,1.376,0.2052,15,5,10,2,10,3,0.00724,0.3333333333333333,0.2,0.3
615698,FC,25,88.54,6.236000000000001,0.18280000000000002,0.8408,15,6,11,5,8,4,0.004040000000000003,0.4,0.45454545454545453,0.5
678226,SL,25,88.04,5.992000000000001,0.2364,0.046,13,5,15,6,7,1,-0.010160000000000002,0.38461538461538464,0.4,0.14285714285714285
657277,ST,25,84.648,6.824,1.1239999999999999,0.054000000000000006,11,6,17,9,5,1,-0.011720000000000001,0.5454545454545454,0.5294117647058824,0.2
676428,SI,25,92.50399999999999,6.1160000000000005,1.2716,0.3268,9,0,9,1,8,1,-0.01448,0.0,0.1111111111111111,0.125
434378,SL,25,88.544,6.068,0.1472,0.6748000000000001,18,3,11,4,14,6,-0.03803999999999999,0.16666666666666666,0.36363636363636365,0.42857142857142855
694297,ST,25,83.936,6.432,0.9364,0.4568,13,8,18,6,5,2,-0.0384,0.6153846153846154,0.3333333333333333,0.4
695243,FF,25,101.064,6.692,-0.8059999999999999,1.4064,12,4,17,6,8,3,-0.0414,0.3333333333333333,0.35294117647058826,0.375
554431,FF,25,94.84,6.296,0.548,1.456,10,1,9,0,8,4,-0.04928,0.1,0.0,0.5
672335,SI,25,96.196,5.996,1.1723999999999999,0.6444,13,1,13,4,10,4,-0.10311999999999999,0.07692307692307693,0.3076923076923077,0.4
674285,SL,25,87.988,6.672000000000001,0.40399999999999997,-0.09960000000000001,14,6,11,4,7,2,-0.11259999999999999,0.42857142857142855,0.36363636363636365,0.2857142857142857
606303,ST,24,83.5625,6.2250000000000005,1.19625,-0.12,13,4,15,6,8,0,0.057166666666666664,0.3076923076923077,0.4,0.0
623437,SI,24,93.74166666666667,5.6875,-1.3629166666666668,0.014166666666666666,7,0,11,1,6,3,0.05670833333333333,0.0,0.09090909090909091,0.5
606965,CH,24,81.875,6.208333333333333,-1.5879166666666666,0.34958333333333336,8,1,13,3,5,0,0.050499999999999996,0.125,0.23076923076923078,0.0
657376,ST,24,83.54166666666667,6.375,1.21875,-0.024583333333333332,10,7,19,8,3,0,0.04429166666666667,0.7,0.42105263157894735,0.0
663436,CH,24,89.45833333333333,6.2,-1.0816666666666668,0.10958333333333332,11,2,12,2,7,4,0.04058333333333333,0.18181818181818182,0.16666666666666666,0.5714285714285714
669438,CH,24,87.26666666666667,6.270833333333333,-1.0641666666666667,0.017916666666666664,14,8,15,8,5,1,0.03770833333333333,0.5714285714285714,0.5333333333333333,0.2
605400,FF,24,91.82916666666667,6.9125000000000005,-1.1425,1.1675,10,0,12,4,10,1,0.02654166666666667,0.0,0.3333333333333333,0.1
663372,SL,24,88.3625,6.233333333333333,0.38875,0.5308333333333334,11,4,9,2,7,0,0.024874999999999998,0.36363636363636365,0.2222222222222222,0.0
608372,ST,24,83.7625,6.183333333333334,1.0791666666666666,0.17833333333333334,10,4,11,2,6,2,0.01929166666666667,0.4,0.18181818181818182,0.3333333333333333
665152,CU,24,79.2,6.133333333333333,0.4795833333333333,-1.1591666666666667,14,3,15,7,10,2,0.017416666666666667,0.21428571428571427,0.4666666666666667,0.2
594902,SI,24,90.83749999999999,6.904166666666666,-1.2420833333333334,1.1583333333333334,13,0,8,3,12,3,0.010041666666666664,0.0,0.375,0.25
542888,SI,24,94.20416666666667,6.8374999999999995,-1.2766666666666666,0.9708333333333333,6,1,14,2,5,2,0.009541666666666669,0.16666666666666666,0.14285714285714285,0.4
571946,FF,24,94.57083333333333,7.125,-0.9254166666666667,1.58125,14,4,10,4,9,2,0.0033750000000000047,0.2857142857142857,0.4,0.2222222222222222
668678,KC,24,80.16250000000001,6.4750000000000005,0.4683333333333333,-1.055,13,2,12,4,10,1,0.003208333333333335,0.15384615384615385,0.3333333333333333,0.1
682842,SI,24,98.7375,6.425,-1.3470833333333332,0.5929166666666666,12,3,11,3,9,4,0.0018749999999999984,0.25,0.2727272727272727,0.4444444444444444
643361,FC,24,86.18333333333334,5.808333333333334,0.24208333333333334,0.47875,13,1,9,3,12,2,0.0010000000000000002,0.07692307692307693,0.3333333333333333,0.16666666666666666
547179,SI,24,94.26666666666667,5.879166666666666,-1.3008333333333333,0.7195833333333334,12,0,10,2,12,1,-0.0018333333333333379,0.0,0.2,0.08333333333333333
686752,SL,24,89.04166666666667,6.5249999999999995,0.48750000000000004,0.9370833333333333,13,3,12,5,9,3,-0.0023750000000000017,0.23076923076923078,0.4166666666666667,0.3333333333333333
689147,ST,24,87.29583333333333,6.1625000000000005,1.0804166666666666,0.18958333333333333,11,1,13,3,9,6,-0.006333333333333333,0.09090909090909091,0.23076923076923078,0.6666666666666666
641816,FC,24,85.19166666666666,6.508333333333333,0.3358333333333334,0.6295833333333333,12,3,9,2,9,4,-0.007375000000000002,0.25,0.2222222222222222,0.4444444444444444
669203,CU,24,79.13333333333334,6.504166666666666,0.8795833333333333,-0.9808333333333333,8,1,16,3,7,4,-0.007458333333333333,0.125,0.1875,0.5714285714285714
656288,SL,24,88.04583333333333,5.9125000000000005,0.08541666666666668,-0.45458333333333334,10,3,14,3,6,3,-0.029583333333333336,0.3,0.21428571428571427,0.5
678495,SL,24,85.29583333333333,6.504166666666666,0.5175,-0.11041666666666666,16,5,10,5,11,4,-0.04554166666666667,0.3125,0.5,0.36363636363636365
700249,ST,24,83.52499999999999,6.095833333333334,-0.8695833333333334,0.12958333333333336,12,5,14,5,7,4,-0.04929166666666666,0.4166666666666667,0.35714285714285715,0.5714285714285714
543243,SI,24,92.80833333333334,6.5874999999999995,-0.8304166666666667,0.7104166666666667,10,0,6,2,9,4,-0.049958333333333334,0.0,0.3333333333333333,0.4444444444444444
472610,SI,23,96.47826086956522,6.452173913043478,-1.123913043478261,0.9569565217391304,12,1,6,2,10,2,0.07352173913043478,0.08333333333333333,0.3333333333333333,0.2
656288,CH,23,90.27826086956522,5.873913043478261,-1.4204347826086958,0.0626086956521739,17,5,9,5,8,1,0.06921739130434783,0.29411764705882354,0.5555555555555556,0.125
622491,SI,23,95.09130434782608,5.286956521739131,-1.5991304347826087,0.3421739130434783,11,3,10,4,8,3,0.06856521739130435,0.2727272727272727,0.4,0.375
592094,FF,23,94.15217391304348,6.560869565217391,-0.707391304347826,1.6695652173913043,9,3,11,3,6,2,0.06482608695652174,0.3333333333333333,0.2727272727272727,0.3333333333333333
607074,SL,23,85.84782608695652,5.856521739130434,-0.6526086956521739,-0.2360869565217391,7,2,13,3,5,3,0.05660869565217391,0.2857142857142857,0.23076923076923078,0.6
687134,FC,23,90.61739130434782,6.460869565217391,0.22782608695652176,0.4265217391304348,16,4,11,5,10,3,0.04234782608695652,0.25,0.45454545454545453,0.3
605463,FF,23,92.31739130434784,5.856521739130434,-1.3039130434782609,0.9108695652173913,8,3,9,2,5,1,0.03695652173913044,0.375,0.2222222222222222,0.2
547179,CH,23,84.10434782608696,5.8478260869565215,-1.2469565217391305,0.7052173913043478,11,4,14,5,7,1,0.03582608695652174,0.36363636363636365,0.35714285714285715,0.14285714285714285
676508,ST,23,85.84347826086957,5.708695652173914,1.0591304347826087,0.14565217391304347,8,4,13,5,4,1,0.03165217391304348,0.5,0.38461538461538464,0.25
671737,FS,23,91.26086956521739,6.48695652173913,-1.072608695652174,0.5260869565217391,16,3,9,3,11,4,0.028869565217391306,0.1875,0.3333333333333333,0.36363636363636365
656849,SL,23,84.37391304347825,7.178260869565217,-0.15956521739130433,-0.04043478260869565,14,2,14,6,8,5,0.024347826086956525,0.14285714285714285,0.42857142857142855,0.625
694477,SI,23,93.72173913043478,6.465217391304347,-1.3443478260869566,1.0095652173913043,9,1,7,0,7,4,0.01843478260869565,0.1111111111111111,0.0,0.5714285714285714
669422,SI,23,94.17826086956521,6.647826086956522,-1.2121739130434783,1.0978260869565217,5,0,12,4,5,0,0.01482608695652174,0.0,0.3333333333333333,0.0
650633,ST,23,81.03478260869565,5.921739130434782,1.2626086956521738,0.22217391304347828,6,1,15,2,5,1,0.008347826086956523,0.16666666666666666,0.13333333333333333,0.2
681911,SL,23,83.9608695652174,6.117391304347826,-0.5760869565217391,0.2891304347826087,12,2,11,5,10,1,0.0024782608695652175,0.16666666666666666,0.45454545454545453,0.1
641941,FF,23,95.34347826086957,6.752173913043479,-0.4082608695652174,1.3513043478260869,9,2,12,3,7,1,-0.001999999999999999,0.2222222222222222,0.25,0.14285714285714285
642207,FF,23,93.94347826086955,7.413043478260869,-0.8434782608695651,1.4330434782608696,8,1,14,1,6,1,-0.03130434782608696,0.125,0.07142857142857142,0.16666666666666666
663554,FF,23,95.25652173913043,6.817391304347827,-0.7917391304347826,1.4617391304347824,12,3,8,1,8,3,-0.04643478260869566,0.25,0.125,0.375
665795,CU,23,83.6086956521739,6.365217391304348,0.9582608695652174,-0.8634782608695651,5,0,12,0,5,2,-0.051130434782608696,0.0,0.0,0.4
622786,SL,23,85.30869565217391,6.313043478260869,0.5,0.11391304347826088,13,7,15,6,5,1,-0.05634782608695652,0.5384615384615384,0.4,0.2
669371,FF,23,94.01739130434783,6.778260869565218,-1.127391304347826,1.3643478260869564,11,2,9,1,9,7,-0.08382608695652173,0.18181818181818182,0.1111111111111111,0.7777777777777778
664747,SL,23,87.3,7.595652173913043,0.2021739130434783,0.4434782608695652,15,2,9,4,13,7,-0.19382608695652176,0.13333333333333333,0.4444444444444444,0.5384615384615384
687473,FC,22,86.52727272727272,6.486363636363635,0.455,0.28954545454545455,11,3,5,1,7,1,0.05954545454545455,0.2727272727272727,0.2,0.14285714285714285
608379,FF,22,94.20454545454545,6.654545454545455,-0.5177272727272727,1.4745454545454544,11,2,9,3,9,1,0.04786363636363636,0.18181818181818182,0.3333333333333333,0.1111111111111111
681911,FF,22,92.39545454545454,6.2318181818181815,0.5472727272727272,1.7659090909090909,11,1,6,1,10,1,0.045181818181818184,0.09090909090909091,0.16666666666666666,0.1
687473,CU,22,79.42727272727274,6.390909090909091,0.7477272727272727,-1.2309090909090907,13,5,13,6,7,1,0.04181818181818182,0.38461538461538464,0.46153846153846156,0.14285714285714285
607259,FF,22,91.85000000000001,5.972727272727273,-0.4240909090909091,1.492727272727273,9,1,5,1,8,2,0.03886363636363635,0.1111111111111111,0.2,0.25
667463,SI,22,92.80909090909091,6.086363636363637,1.205909090909091,0.26136363636363635,10,2,11,1,8,1,0.03204545454545455,0.2,0.09090909090909091,0.125
669373,SI,22,97.43181818181819,6.459090909090909,1.0577272727272726,1.1972727272727273,9,2,8,2,7,1,0.02931818181818182,0.2222222222222222,0.25,0.14285714285714285
570632,SI,22,96.0090909090909,6.259090909090909,-1.4172727272727272,0.859090909090909,10,1,5,2,8,2,0.025954545454545452,0.1,0.4,0.25
668964,SL,22,83.98181818181818,6.627272727272728,0.3477272727272727,0.18545454545454546,10,2,13,5,8,1,0.02095454545454546,0.2,0.38461538461538464,0.125
687765,FC,22,91.71363636363637,6.422727272727273,0.26636363636363636,0.5554545454545455,12,2,11,4,9,2,0.0165,0.16666666666666666,0.36363636363636365,0.2222222222222222
681343,SL,22,88.64999999999999,6.659090909090909,0.21772727272727274,0.3054545454545455,11,4,12,3,5,1,-0.0025909090909090925,0.36363636363636365,0.25,0.2
615698,FS,22,86.25909090909092,6.340909090909091,-1.055909090909091,0.6145454545454545,9,4,20,7,5,2,-0.003727272727272726,0.4444444444444444,0.35,0.4
808967,FS,22,90.63181818181819,6.354545454545455,-0.9327272727272727,0.20045454545454547,11,4,16,7,6,2,-0.014,0.36363636363636365,0.4375,0.3333333333333333
605488,CH,22,80.7090909090909,6.286363636363637,1.1122727272727273,0.5186363636363637,13,3,11,6,10,4,-0.015272727272727266,0.23076923076923078,0.5454545454545454,0.4
808963,ST,22,81.72272727272728,6.927272727272728,0.9981818181818182,-0.19227272727272726,4,1,14,1,2,0,-0.029590909090909088,0.25,0.07142857142857142,0.0
668716,FC,22,89.60454545454546,6.6909090909090905,0.22272727272727275,0.4763636363636364,7,3,10,1,3,1,-0.031136363636363632,0.42857142857142855,0.1,0.3333333333333333
608379,SI,22,94.02727272727272,6.640909090909091,-1.0681818181818181,1.2750000000000001,7,1,11,2,6,3,-0.033727272727272724,0.14285714285714285,0.18181818181818182,0.5
502043,SI,22,91.01818181818182,6.9,-1.214090909090909,0.5745454545454546,12,1,8,1,10,5,-0.03536363636363637,0.08333333333333333,0.125,0.5
571510,CH,22,79.40454545454546,6.245454545454546,1.3431818181818183,0.4072727272727273,13,6,15,7,7,1,-0.03654545454545455,0.46153846153846156,0.4666666666666667,0.14285714285714285
645261,SI,22,96.02272727272727,5.854545454545455,-1.4222727272727271,0.6318181818181818,12,1,5,0,9,4,-0.04068181818181818,0.08333333333333333,0.0,0.4444444444444444
666214,FF,22,93.22727272727273,7.009090909090909,0.4122727272727273,1.4390909090909092,9,2,13,2,7,3,-0.042,0.2222222222222222,0.15384615384615385,0.42857142857142855
680730,FS,22,84.13181818181819,6.754545454545454,0.5645454545454546,0.68,16,7,8,2,8,2,-0.04649999999999999,0.4375,0.25,0.25
608372,FF,22,93.01818181818182,6.240909090909091,-0.3609090909090909,1.4090909090909092,9,0,9,3,8,3,-0.04768181818181818,0.0,0.3333333333333333,0.375
570632,SL,22,87.60909090909091,6.236363636363635,-0.1290909090909091,0.7559090909090909,13,3,10,3,10,0,-0.05336363636363636,0.23076923076923078,0.3,0.0
664747,FF,22,93.19545454545455,7.572727272727272,-0.9063636363636364,1.1177272727272727,9,0,15,5,7,2,-0.1049090909090909,0.0,0.3333333333333333,0.2857142857142857
676974,FF,22,94.71363636363635,6.454545454545454,-0.879090909090909,1.1922727272727274,8,2,12,1,6,1,-0.12204545454545455,0.25,0.08333333333333333,0.16666666666666666
543243,ST,21,85.32857142857144,6.466666666666667,1.258095238095238,-0.3438095238095238,12,3,8,3,9,2,0.099,0.25,0.375,0.2222222222222222
608718,FF,21,86.71904761904761,7.419047619047619,-0.37238095238095237,0.9857142857142857,12,1,7,1,10,0,0.0917142857142857,0.08333333333333333,0.14285714285714285,0.0
621051,ST,21,82.5047619047619,6.457142857142857,1.2347619047619047,0.17142857142857143,9,4,9,2,5,0,0.06652380952380953,0.4444444444444444,0.2222222222222222,0.0
669467,SI,21,94.9952380952381,6.533333333333333,-0.9004761904761904,1.1723809523809525,11,4,15,7,7,1,0.06342857142857143,0.36363636363636365,0.4666666666666667,0.14285714285714285
669022,SL,21,86.75238095238095,6.809523809523809,-0.09571428571428571,0.1142857142857143,12,5,12,5,6,3,0.0609047619047619,0.4166666666666667,0.4166666666666667,0.5
664062,SL,21,87.17619047619048,5.8,0.28095238095238095,0.40095238095238095,11,6,10,5,5,1,0.05285714285714285,0.5454545454545454,0.5,0.2
806185,SL,21,89.14761904761906,6.328571428571429,0.1838095238095238,0.6561904761904762,13,6,11,7,7,2,0.04876190476190476,0.46153846153846156,0.6363636363636364,0.2857142857142857
694297,SI,21,92.8,6.561904761904763,-1.262857142857143,0.6057142857142858,8,1,5,0,7,4,0.03952380952380953,0.125,0.0,0.5714285714285714
641540,FC,21,88.15714285714286,6.976190476190476,0.011904761904761904,0.9099999999999999,11,4,8,2,7,1,0.03676190476190476,0.36363636363636365,0.25,0.14285714285714285
669461,SL,21,86.52857142857142,6.366666666666667,-0.42857142857142855,0.009523809523809521,15,4,7,3,10,4,0.032190476190476186,0.26666666666666666,0.42857142857142855,0.4
805123,ST,21,82.36190476190475,6.476190476190476,1.0114285714285713,0.35809523809523813,15,5,13,8,9,2,0.019571428571428573,0.3333333333333333,0.6153846153846154,0.2222222222222222
621244,SV,21,81.74285714285713,6.3619047619047615,1.467142857142857,-0.5152380952380953,9,3,10,1,6,2,0.01914285714285714,0.3333333333333333,0.1,0.3333333333333333
663623,CH,21,84.45714285714286,6.9,-1.3904761904761904,0.4114285714285715,10,2,6,0,8,3,0.013809523809523808,0.2,0.0,0.375
614179,FF,21,95.66190476190476,6.1380952380952385,-0.5952380952380952,1.4728571428571429,9,3,10,3,6,1,0.01271428571428571,0.3333333333333333,0.3,0.16666666666666666
592094,CH,21,88.07142857142857,6.323809523809524,-1.5485714285714285,0.42857142857142855,10,3,9,2,5,1,0.0054285714285714284,0.3,0.2222222222222222,0.2
681190,FC,21,90.38571428571429,6.09047619047619,-0.0719047619047619,0.917142857142857,6,0,9,1,6,0,0.002809523809523807,0.0,0.1111111111111111,0.0
641154,CU,21,81.66190476190476,6.9523809523809526,0.5166666666666666,-0.9466666666666667,5,3,15,4,1,0,0.002666666666666666,0.6,0.26666666666666666,0.0
543243,CU,21,81.11428571428571,6.504761904761905,1.0257142857142856,-1.2157142857142857,6,1,10,1,5,3,-0.01619047619047619,0.16666666666666666,0.1,0.6
680573,CU,21,77.86190476190475,6.561904761904763,0.4247619047619048,-1.2685714285714287,5,0,12,3,4,1,-0.016523809523809524,0.0,0.25,0.25
808967,CU,21,76.58095238095238,6.428571428571429,1.0947619047619046,-1.3566666666666667,8,3,11,2,5,1,-0.01695238095238096,0.375,0.18181818181818182,0.2
622663,ST,21,84.63333333333333,6.3619047619047615,1.310952380952381,0.3638095238095238,11,2,14,5,9,2,-0.02061904761904762,0.18181818181818182,0.35714285714285715,0.2222222222222222
681982,ST,21,79.28095238095239,6.428571428571429,1.2219047619047618,0.1880952380952381,7,1,11,3,5,2,-0.03261904761904762,0.14285714285714285,0.2727272727272727,0.4
665795,SI,21,97.34761904761905,6.538095238095239,-1.337142857142857,0.6128571428571428,10,0,10,2,9,3,-0.040809523809523816,0.0,0.2,0.3333333333333333
695549,SI,21,95.73809523809524,6.152380952380952,-1.4338095238095239,0.8028571428571428,7,2,11,1,4,2,-0.04133333333333333,0.2857142857142857,0.09090909090909091,0.5
579328,SL,21,85.79047619047618,6.742857142857143,-0.2619047619047619,0.4161904761904762,8,2,10,2,6,2,-0.0450952380952381,0.25,0.2,0.3333333333333333
605135,FC,21,87.44285714285714,6.414285714285714,-0.010476190476190469,0.709047619047619,13,1,7,2,12,3,-0.05100000000000001,0.07692307692307693,0.2857142857142857,0.25
700270,SL,21,80.96666666666667,5.8619047619047615,0.1180952380952381,-0.6190476190476191,5,2,15,2,3,0,-0.052047619047619044,0.4,0.13333333333333333,0.0
820862,FF,21,96.05714285714286,6.1380952380952385,-0.8871428571428571,1.4071428571428573,8,2,5,0,6,1,-0.061523809523809515,0.25,0.0,0.16666666666666666
663559,SL,21,84.6952380952381,7.023809523809524,-0.43142857142857144,0.5152380952380953,14,1,10,4,13,4,-0.06909523809523808,0.07142857142857142,0.4,0.3076923076923077
663893,SI,21,93.68571428571428,5.533333333333333,1.2676190476190476,-0.13428571428571429,7,1,11,0,6,2,-0.07552380952380952,0.14285714285714285,0.0,0.3333333333333333
502043,ST,21,81.66666666666667,6.809523809523809,1.0966666666666667,0.08095238095238096,7,3,17,4,4,2,-0.09785714285714286,0.42857142857142855,0.23529411764705882,0.5
694335,SI,20,96.30499999999999,6.675,-1.3519999999999999,0.7135,5,1,7,1,4,2,0.06935,0.2,0.14285714285714285,0.5
700363,FS,20,81.56,7.12,-0.392,0.7965,14,7,12,6,7,1,0.06925,0.5,0.5,0.14285714285714285
686752,CH,20,86.38000000000001,6.69,-1.3955,0.32,13,2,11,5,10,2,0.06174999999999999,0.15384615384615385,0.45454545454545453,0.2
663574,FF,20,96.09,5.96,-0.8085000000000001,1.0470000000000002,11,2,10,3,7,1,0.05105,0.18181818181818182,0.3,0.14285714285714285
663460,ST,20,83.175,6.659999999999999,-0.9065,-0.3775,8,3,12,3,5,2,0.0494,0.375,0.25,0.4
680689,SI,20,94.995,5.75,-1.256,0.608,9,0,5,1,9,2,0.04055,0.0,0.2,0.2222222222222222
681857,CH,20,88.02000000000001,5.845000000000001,-1.405,0.0725,11,8,19,10,3,0,0.040150000000000005,0.7272727272727273,0.5263157894736842,0.0
542881,FC,20,83.975,5.985,-0.1945,1.0745,9,2,12,2,7,1,0.0376,0.2222222222222222,0.16666666666666666,0.14285714285714285
680732,KC,20,79.44500000000001,6.825,0.5780000000000001,-1.3074999999999999,6,2,10,2,4,1,0.036199999999999996,0.3333333333333333,0.2,0.25
663465,FF,20,90.235,6.435,0.377,1.4140000000000001,12,1,8,4,11,6,0.03605,0.08333333333333333,0.5,0.5454545454545454
688642,FC,20,92.615,5.995,0.05100000000000001,0.6235,10,4,12,3,6,1,0.022600000000000002,0.4,0.25,0.16666666666666666
668674,SL,20,84.88,6.385,-0.075,-0.13899999999999998,11,4,10,3,7,2,0.02135,0.36363636363636365,0.3,0.2857142857142857
666200,CH,20,87.96000000000001,5.88,1.41,0.7195,11,4,11,3,6,0,0.01715,0.36363636363636365,0.2727272727272727,0.0
642547,CH,20,87.71000000000001,6.635,-1.544,0.4215,6,2,15,1,3,1,0.016749999999999998,0.3333333333333333,0.06666666666666667,0.3333333333333333
681857,SL,20,84.655,5.845000000000001,0.453,-0.2265,11,6,11,7,4,1,0.010499999999999999,0.5454545454545454,0.6363636363636364,0.25
666157,CU,20,82.635,5.975,-0.5595,-0.1365,12,6,12,6,5,1,0.00965,0.5,0.5,0.2
642232,SI,20,86.815,6.16,1.542,0.347,12,1,7,2,11,2,-0.000350000000000001,0.08333333333333333,0.2857142857142857,0.18181818181818182
669461,FF,20,94.52000000000001,6.425,0.5525,1.3119999999999998,8,0,10,1,8,3,-0.003600000000000006,0.0,0.1,0.375
500779,CH,20,85.39500000000001,6.470000000000001,1.2429999999999999,0.2505,6,2,13,3,4,0,-0.005050000000000003,0.3333333333333333,0.23076923076923078,0.0
621237,SI,20,99.405,6.8950000000000005,1.226,1.0735000000000001,9,2,7,1,7,1,-0.005499999999999998,0.2222222222222222,0.14285714285714285,0.14285714285714285
678226,FF,20,98.015,6.095000000000001,-0.7415,1.292,8,2,8,1,6,0,-0.007300000000000003,0.25,0.125,0.0
663893,KC,20,86.815,5.65,-0.2,-0.593,12,8,17,10,3,2,-0.008649999999999996,0.6666666666666666,0.5882352941176471,0.6666666666666666
680885,SL,20,87.72,6.975,0.18,-0.141,11,6,15,7,5,1,-0.011999999999999999,0.5454545454545454,0.4666666666666667,0.2
608331,SI,20,92.995,6.505,0.7405,0.3935,8,3,11,1,5,0,-0.01805,0.375,0.09090909090909091,0.0
801403,CH,20,89.14,6.154999999999999,-1.2435,0.398,8,1,15,5,6,3,-0.018899999999999997,0.125,0.3333333333333333,0.5
656222,FF,20,95.16499999999999,6.790000000000001,0.3915,1.3679999999999999,10,4,10,1,5,2,-0.019649999999999997,0.4,0.1,0.4
608371,ST,20,84.85499999999999,5.875,1.1445,0.3445,7,5,13,4,2,0,-0.02255,0.7142857142857143,0.3076923076923077,0.0
687064,CU,20,76.955,6.415000000000001,0.9695,-1.03,6,0,12,3,6,2,-0.033100000000000004,0.0,0.25,0.3333333333333333
518876,FF,20,92.195,6.04,-0.9535,1.3015,5,0,10,1,5,2,-0.034199999999999994,0.0,0.1,0.4
621199,FC,20,88.155,6.5,0.124,0.6224999999999999,10,2,11,2,8,3,-0.03455,0.2,0.18181818181818182,0.375
700249,SI,20,91.775,6.175,1.299,0.9675,7,2,7,2,3,2,-0.041499999999999995,0.2857142857142857,0.2857142857142857,0.6666666666666666
640448,FF,20,95.67999999999999,6.590000000000001,-0.962,1.4945,11,1,9,2,8,1,-0.055200000000000006,0.09090909090909091,0.2222222222222222,0.125
666277,SL,20,87.325,6.295,0.2605,0.042,6,1,16,3,4,0,-0.06390000000000001,0.16666666666666666,0.1875,0.0
656457,FC,20,87.535,5.915,0.0615,0.8115,10,2,9,1,8,2,-0.06455000000000001,0.2,0.1111111111111111,0.25
592836,FS,20,86.92999999999999,6.01,-1.1885,0.358,6,1,17,3,5,1,-0.0666,0.16666666666666666,0.17647058823529413,0.2
686563,SI,20,92.77000000000001,5.995,-1.3325,0.376,7,1,9,1,6,4,-0.0756,0.14285714285714285,0.1111111111111111,0.6666666666666666
607536,FF,20,91.225,6.709999999999999,0.642,1.1475,12,2,5,2,10,1,-0.10035000000000001,0.16666666666666666,0.4,0.1
676106,SL,20,80.10499999999999,6.11,0.45899999999999996,-0.22549999999999998,7,3,10,2,4,1,-0.11765,0.42857142857142855,0.2,0.25
663436,FF,19,93.02631578947368,6.294736842105263,-0.31526315789473686,1.3105263157894735,9,2,7,2,7,0,0.07921052631578947,0.2222222222222222,0.2857142857142857,0.0
695243,SL,19,87.22631578947369,6.726315789473684,0.6542105263157895,-0.16105263157894736,9,7,10,6,2,1,0.07910526315789475,0.7777777777777778,0.6,0.5
608372,FS,19,87.48947368421052,6.342105263157895,-1.0105263157894737,0.4263157894736842,12,9,15,8,3,0,0.07852631578947368,0.75,0.5333333333333333,0.0
595345,FF,19,92.08947368421053,6.352631578947369,0.7221052631578948,1.3305263157894738,12,3,8,2,9,3,0.06957894736842106,0.25,0.25,0.3333333333333333
596001,SI,19,90.27894736842104,6.2631578947368425,-1.2705263157894737,0.5005263157894737,5,0,7,2,5,2,0.06563157894736842,0.0,0.2857142857142857,0.4
623465,ST,19,84.71052631578948,6.110526315789474,1.3631578947368421,-0.13789473684210526,9,1,10,2,6,1,0.057736842105263156,0.1111111111111111,0.2,0.16666666666666666
656986,SL,19,85.04736842105264,6.605263157894737,-0.16789473684210526,0.02736842105263158,10,6,11,4,3,1,0.056210526315789475,0.6,0.36363636363636365,0.3333333333333333
554430,FC,19,91.36842105263158,7.036842105263157,0.2005263157894737,0.7015789473684211,8,3,12,3,4,2,0.055105263157894734,0.375,0.25,0.5
700669,SL,19,91.5578947368421,6.4,0.26789473684210524,0.4515789473684211,9,2,9,2,7,2,0.04778947368421053,0.2222222222222222,0.2222222222222222,0.2857142857142857
663399,FF,19,90.80526315789473,6.136842105263158,0.20473684210526316,1.3531578947368421,8,2,12,4,5,3,0.04773684210526316,0.25,0.3333333333333333,0.6
642547,CU,19,79.34736842105262,6.773684210526315,0.3726315789473684,-0.38,10,4,15,7,6,2,0.04763157894736842,0.4,0.4666666666666667,0.3333333333333333
660853,SL,19,89.40526315789474,6.363157894736842,0.1131578947368421,0.5442105263157895,8,2,9,2,5,1,0.03836842105263158,0.25,0.2222222222222222,0.2
680885,FS,19,85.16315789473684,7.0736842105263165,-0.7636842105263157,-0.0010526315789473658,12,6,15,8,5,3,0.030263157894736846,0.5,0.5333333333333333,0.6
615698,CU,19,80.16842105263159,6.152631578947368,0.36947368421052634,-0.4278947368421053,11,2,7,2,8,2,0.0291578947368421,0.18181818181818182,0.2857142857142857,0.25
605463,FS,19,84.27894736842104,5.826315789473685,-0.7773684210526316,-0.3663157894736842,13,4,10,6,7,1,0.026894736842105263,0.3076923076923077,0.6,0.14285714285714285
656222,CH,19,88.3,6.484210526315789,1.2705263157894737,0.878421052631579,8,3,12,3,5,0,0.01868421052631579,0.375,0.25,0.0
592332,FS,19,85.52631578947368,6.584210526315789,-1.53,0.5005263157894737,8,3,17,6,5,0,0.01726315789473684,0.375,0.35294117647058826,0.0
689254,FC,19,89.52105263157894,6.778947368421053,-0.3026315789473684,0.7921052631578948,9,2,10,2,7,0,0.01621052631578947,0.2222222222222222,0.2,0.0
669854,CU,19,79.8157894736842,6.673684210526315,0.8778947368421053,-0.14789473684210527,6,4,14,5,2,0,0.013157894736842105,0.6666666666666666,0.35714285714285715,0.0
686613,CH,19,88.30526315789473,6.773684210526315,-1.1168421052631579,0.6678947368421052,12,5,8,5,6,3,0.012578947368421054,0.4166666666666667,0.625,0.5
682171,ST,19,78.31052631578947,6.468421052631579,1.5173684210526317,0.15894736842105264,7,2,13,2,5,1,0.00915789473684211,0.2857142857142857,0.15384615384615385,0.2
607536,SI,19,91.07368421052632,6.721052631578948,1.1457894736842105,0.49526315789473685,10,0,7,1,9,3,0.009105263157894736,0.0,0.14285714285714285,0.3333333333333333
693312,CU,19,81.27368421052631,6.773684210526315,0.6826315789473685,-1.1078947368421053,6,2,11,2,4,0,0.008105263157894739,0.3333333333333333,0.18181818181818182,0.0
682847,SL,19,85.60526315789474,6.868421052631579,0.5021052631578948,-0.005263157894736844,11,3,10,2,7,2,0.005947368421052634,0.2727272727272727,0.2,0.2857142857142857
671096,ST,19,81.1263157894737,6.436842105263159,-0.6889473684210526,0.28210526315789475,7,2,12,1,5,1,0.004894736842105263,0.2857142857142857,0.08333333333333333,0.2
696270,SI,19,94.09473684210526,6.221052631578948,-0.83,0.4073684210526316,9,2,8,2,7,2,0.002894736842105267,0.2222222222222222,0.25,0.2857142857142857
621199,ST,19,82.36842105263158,6.363157894736842,0.9931578947368421,0.34421052631578947,7,3,11,3,4,2,0.0014210526315789453,0.42857142857142855,0.2727272727272727,0.5
683232,FF,19,94.21578947368421,6.752631578947369,-0.4168421052631579,1.5699999999999998,11,1,8,2,9,2,0.0011578947368421067,0.09090909090909091,0.25,0.2222222222222222
608372,CU,19,77.97368421052632,6.136842105263158,0.8357894736842105,-1.1436842105263159,5,2,13,4,3,2,0.00031578947368420896,0.4,0.3076923076923077,0.6666666666666666
668909,CU,19,81.7578947368421,6.994736842105263,0.8947368421052632,-1.1800000000000002,8,2,13,4,6,1,-3.6520494231090674e-19,0.25,0.3076923076923077,0.16666666666666666
664991,SL,19,85.47368421052632,6.1000000000000005,-0.13578947368421054,0.15842105263157896,10,2,7,2,7,3,-0.0021578947368420987,0.2,0.2857142857142857,0.42857142857142855
675989,SI,19,93.9421052631579,6.3315789473684205,-1.156842105263158,0.78,7,0,9,1,6,2,-0.002157894736842102,0.0,0.1111111111111111,0.3333333333333333
660853,FF,19,96.14736842105263,6.247368421052632,-0.7863157894736842,0.9657894736842106,9,1,8,2,7,1,-0.008578947368421054,0.1111111111111111,0.25,0.14285714285714285
656605,ST,19,81.4578947368421,6.273684210526316,1.5521052631578949,0.02157894736842105,9,2,8,2,6,2,-0.020684210526315784,0.2222222222222222,0.25,0.3333333333333333
623474,SL,19,85.42105263157895,5.110526315789474,0.11157894736842106,0.24526315789473685,11,1,4,0,9,3,-0.026210526315789472,0.09090909090909091,0.0,0.3333333333333333
688138,FC,19,86.70526315789475,5.968421052631579,0.07736842105263157,0.19157894736842107,11,1,9,2,9,1,-0.02931578947368421,0.09090909090909091,0.2222222222222222,0.1111111111111111
684320,FF,19,95.32105263157894,6.552631578947368,-0.41842105263157897,1.2126315789473683,10,2,8,2,8,2,-0.02978947368421052,0.2,0.25,0.25
820862,SL,19,88.96842105263158,5.8578947368421055,-0.09,0.1868421052631579,8,3,13,5,5,0,-0.03910526315789474,0.375,0.38461538461538464,0.0
676263,SL,19,86.81052631578947,6.410526315789474,-0.2715789473684211,0.18526315789473685,9,2,11,3,6,2,-0.04115789473684211,0.2222222222222222,0.2727272727272727,0.3333333333333333
687064,FC,19,86.86842105263158,6.468421052631579,0.31421052631578944,0.5326315789473685,4,1,10,2,2,1,-0.04505263157894737,0.25,0.2,0.5
686613,SI,19,95.0,6.652631578947369,-1.038421052631579,1.093157894736842,8,1,9,1,5,2,-0.04757894736842105,0.125,0.1111111111111111,0.4
668964,FC,19,88.0,6.689473684210526,0.3757894736842105,0.9863157894736841,9,3,13,5,6,2,-0.054421052631578946,0.3333333333333333,0.38461538461538464,0.3333333333333333
687606,FC,19,88.42631578947368,5.989473684210526,0.13,0.9826315789473685,6,2,7,0,4,2,-0.05636842105263159,0.3333333333333333,0.0,0.5
471911,FF,19,91.15263157894738,6.726315789473684,-0.38421052631578945,0.9889473684210526,7,0,8,0,7,4,-0.06610526315789475,0.0,0.0,0.5714285714285714
672282,FF,19,94.52631578947368,6.431578947368421,0.7236842105263158,1.536315789473684,9,1,7,1,7,3,-0.07194736842105265,0.1111111111111111,0.14285714285714285,0.42857142857142855
676130,FF,19,94.01578947368421,6.478947368421053,-0.23105263157894734,1.246842105263158,7,2,8,2,5,1,-0.077,0.2857142857142857,0.25,0.2
666277,CH,19,88.94736842105263,6.415789473684211,-1.3426315789473684,-0.0931578947368421,7,1,12,4,6,1,-0.07968421052631579,0.14285714285714285,0.3333333333333333,0.16666666666666666
592094,SL,19,83.46315789473684,6.457894736842105,0.07052631578947369,-0.2331578947368421,6,2,10,2,4,3,-0.0835263157894737,0.3333333333333333,0.2,0.75
641540,SI,19,89.60000000000001,6.868421052631579,-1.1757894736842105,0.4226315789473684,10,1,13,4,9,2,-0.092,0.1,0.3076923076923077,0.2222222222222222
695418,SL,19,84.34736842105262,5.563157894736842,0.04,-0.05578947368421053,4,1,9,1,3,1,-0.10336842105263157,0.25,0.1111111111111111,0.3333333333333333
592791,FC,18,86.30555555555556,6.688888888888889,0.46166666666666667,0.7838888888888889,8,0,5,0,8,1,0.10616666666666667,0.0,0.0,0.125
643410,SI,18,94.19999999999999,6.716666666666667,-1.2244444444444444,1.2144444444444444,9,3,7,2,6,0,0.07366666666666667,0.3333333333333333,0.2857142857142857,0.0
607625,CU,18,80.04444444444444,5.683333333333334,1.2722222222222221,-0.9644444444444444,8,2,8,2,6,1,0.06916666666666665,0.25,0.25,0.16666666666666666
572955,CU,18,85.98333333333333,5.75,0.3333333333333333,-0.3711111111111111,11,6,10,5,4,1,0.06433333333333333,0.5454545454545454,0.5,0.25
623474,ST,18,78.64444444444445,5.1611111111111105,1.0833333333333333,0.08277777777777778,9,2,6,1,7,2,0.05633333333333333,0.2222222222222222,0.16666666666666666,0.2857142857142857
657376,KC,18,85.0,6.050000000000001,0.8172222222222223,-1.1772222222222224,11,5,7,2,6,2,0.05505555555555555,0.45454545454545453,0.2857142857142857,0.3333333333333333
669461,FC,18,89.9,6.366666666666667,-0.28944444444444445,0.7055555555555555,7,3,7,4,4,1,0.05305555555555555,0.42857142857142855,0.5714285714285714,0.25
676106,CH,18,85.33333333333333,6.066666666666666,-1.4594444444444443,0.31777777777777777,8,2,12,4,6,0,0.04838888888888889,0.25,0.3333333333333333,0.0
656457,ST,18,80.71111111111111,5.716666666666667,-1.045,-0.041666666666666664,6,4,7,2,2,0,0.041444444444444443,0.6666666666666666,0.2857142857142857,0.0
676263,CU,18,78.20555555555556,6.544444444444444,-0.5822222222222222,-1.415,6,3,11,3,1,0,0.03955555555555555,0.5,0.2727272727272727,0.0
573124,ST,18,77.98333333333333,5.705555555555556,-1.3372222222222223,0.0,4,2,12,1,2,0,0.0345,0.5,0.08333333333333333,0.0
686973,FF,18,97.91111111111111,7.050000000000001,-0.6283333333333334,1.333888888888889,11,1,6,2,10,2,0.03372222222222222,0.09090909090909091,0.3333333333333333,0.2
650911,SL,18,86.05000000000001,6.855555555555556,-0.22944444444444445,0.1127777777777778,8,3,9,1,4,0,0.03127777777777777,0.375,0.1111111111111111,0.0
605135,CU,18,70.81666666666666,6.427777777777778,1.1755555555555555,-0.89,8,2,11,2,6,0,0.031000000000000003,0.25,0.18181818181818182,0.0
621383,SL,18,87.47222222222223,5.666666666666667,-0.345,0.508888888888889,10,3,4,1,7,1,0.029999999999999995,0.3,0.25,0.14285714285714285
571760,SI,18,88.86666666666666,6.5055555555555555,1.6083333333333334,0.45444444444444443,8,1,7,1,7,1,0.028722222222222222,0.125,0.14285714285714285,0.14285714285714285
669373,FF,18,98.4,6.372222222222223,0.25,1.4577777777777776,9,4,8,0,5,0,0.02688888888888889,0.4444444444444444,0.0,0.0
641816,FS,18,84.24444444444445,6.455555555555556,-1.232222222222222,0.49444444444444446,11,1,7,4,9,3,0.025111111111111112,0.09090909090909091,0.5714285714285714,0.3333333333333333
694973,FS,18,93.53333333333333,6.227777777777778,-1.1888888888888889,-0.05666666666666667,11,5,12,6,6,0,0.022277777777777775,0.45454545454545453,0.5,0.0
687134,FS,18,89.26666666666667,6.477777777777778,-0.6394444444444445,0.7644444444444445,9,1,9,3,8,0,0.020888888888888887,0.1111111111111111,0.3333333333333333,0.0
668674,SI,18,97.05555555555556,6.538888888888889,-1.2533333333333332,0.8005555555555556,10,1,3,1,7,2,0.020111111111111114,0.1,0.3333333333333333,0.2857142857142857
621244,FF,18,93.22777777777777,6.522222222222222,-0.7388888888888889,1.2527777777777778,7,0,6,0,6,3,0.018388888888888892,0.0,0.0,0.5
663969,CU,18,84.29444444444444,6.511111111111111,0.20444444444444446,-0.695,12,4,10,6,7,1,0.015888888888888883,0.3333333333333333,0.6,0.14285714285714285
571578,FC,18,86.60555555555555,6.655555555555555,-0.18388888888888888,0.4705555555555556,11,3,12,6,8,0,0.015777777777777776,0.2727272727272727,0.5,0.0
681799,ST,18,81.55555555555556,6.394444444444445,1.8827777777777779,-0.09944444444444445,9,4,13,7,5,1,0.009,0.4444444444444444,0.5384615384615384,0.2
656427,SL,18,84.4388888888889,6.5,0.575,0.19444444444444445,12,3,11,6,9,2,-0.002388888888888885,0.25,0.5454545454545454,0.2222222222222222
686993,FC,18,87.56666666666666,6.483333333333333,0.48666666666666664,0.42722222222222217,8,2,13,5,3,0,-0.0036111111111111114,0.25,0.38461538461538464,0.0
663978,CU,18,78.08333333333333,6.766666666666667,0.3711111111111111,-1.126111111111111,8,0,8,0,7,1,-0.004222222222222223,0.0,0.0,0.14285714285714285
700249,CU,18,78.08333333333333,6.144444444444444,-0.815,-1.103888888888889,7,1,9,2,6,1,-0.009111111111111113,0.14285714285714285,0.2222222222222222,0.16666666666666666
669422,FF,18,94.44999999999999,6.594444444444445,-0.5355555555555556,1.365,10,1,7,4,7,1,-0.009777777777777781,0.1,0.5714285714285714,0.14285714285714285
623211,SI,18,96.0,5.877777777777777,-1.661111111111111,0.7616666666666667,7,1,8,1,6,1,-0.010555555555555556,0.14285714285714285,0.125,0.16666666666666666
663460,CH,18,84.86111111111111,6.772222222222222,0.9027777777777778,-0.042222222222222223,9,3,16,7,4,1,-0.01177777777777778,0.3333333333333333,0.4375,0.25
676974,CH,18,88.77222222222223,6.2444444444444445,-1.208888888888889,-0.011666666666666665,6,2,11,1,3,2,-0.03216666666666666,0.3333333333333333,0.09090909090909091,0.6666666666666666
665152,FC,18,87.82777777777778,6.133333333333333,0.4366666666666667,0.49222222222222217,7,1,12,4,5,0,-0.035222222222222224,0.14285714285714285,0.3333333333333333,0.0
663372,CH,18,83.77777777777777,6.288888888888889,-0.25666666666666665,0.46888888888888886,10,2,13,6,8,1,-0.036833333333333336,0.2,0.46153846153846156,0.125
664285,CH,18,89.13333333333333,5.883333333333334,1.1683333333333334,0.02611111111111111,11,4,10,5,7,2,-0.04055555555555555,0.36363636363636365,0.5,0.2857142857142857
669713,ST,18,81.10555555555555,6.655555555555555,1.597777777777778,0.04444444444444444,10,1,10,3,9,1,-0.043555555555555556,0.1,0.3,0.1111111111111111
669203,SI,18,95.31666666666666,6.644444444444444,-1.1477777777777778,0.9927777777777779,7,0,11,1,7,2,-0.04383333333333333,0.0,0.09090909090909091,0.2857142857142857
686973,KC,18,88.0,6.9944444444444445,0.21666666666666667,-0.5005555555555555,8,4,12,4,4,4,-0.053777777777777785,0.5,0.3333333333333333,1.0
679885,SI,18,96.65555555555555,6.327777777777778,-1.4016666666666666,0.43722222222222223,9,0,5,2,8,4,-0.05861111111111111,0.0,0.4,0.5
641302,FC,18,86.21111111111111,6.2555555555555555,-0.2888888888888889,0.7366666666666667,11,2,9,5,9,3,-0.059277777777777776,0.18181818181818182,0.5555555555555556,0.3333333333333333
695534,SI,18,95.58888888888889,6.25,-1.27,0.9611111111111111,10,2,7,1,7,4,-0.06061111111111111,0.2,0.14285714285714285,0.5714285714285714
679885,FS,18,86.06666666666666,6.566666666666666,-0.7016666666666667,0.1577777777777778,3,1,14,1,1,0,-0.06161111111111111,0.3333333333333333,0.07142857142857142,0.0
687606,FF,18,93.3111111111111,6.083333333333333,-0.6888888888888889,1.5233333333333332,8,0,6,1,7,1,-0.06922222222222223,0.0,0.16666666666666666,0.14285714285714285
680885,FF,18,96.5611111111111,6.800000000000001,-0.5227777777777778,1.2394444444444446,8,1,6,0,7,4,-0.1098888888888889,0.125,0.0,0.5714285714285714
643338,FF,18,94.91111111111111,6.461111111111111,-0.6488888888888888,1.5766666666666667,11,2,10,4,9,2,-0.11561111111111111,0.18181818181818182,0.4,0.2222222222222222
621111,SI,17,92.87647058823529,6.570588235294117,-1.4464705882352942,0.8576470588235294,7,2,9,1,5,3,0.09905882352941175,0.2857142857142857,0.1111111111111111,0.6
605400,FC,17,86.44117647058823,6.935294117647059,-0.03058823529411765,0.7000000000000001,14,6,9,7,8,2,0.09741176470588235,0.42857142857142855,0.7777777777777778,0.25
686799,FF,17,94.54117647058824,6.464705882352941,-0.6194117647058823,1.3276470588235294,9,4,9,2,5,1,0.06741176470588237,0.4444444444444444,0.2222222222222222,0.2
664208,CU,17,75.95294117647059,7.08235294117647,1.5482352941176472,-0.6029411764705882,10,5,11,5,5,1,0.05323529411764706,0.5,0.45454545454545453,0.2
688642,FF,17,95.57058823529412,6.176470588235294,-0.5511764705882354,1.1388235294117646,10,2,8,1,7,4,0.04917647058823529,0.2,0.125,0.5714285714285714
693433,FF,17,95.26470588235294,6.68235294117647,-0.8099999999999999,1.108235294117647,9,3,8,1,6,0,0.031764705882352945,0.3333333333333333,0.125,0.0
601713,ST,17,82.0529411764706,6.68235294117647,1.1011764705882352,0.4488235294117647,8,3,6,1,5,1,0.027823529411764705,0.375,0.16666666666666666,0.2
656457,SI,17,90.08235294117648,5.970588235294118,1.4576470588235295,0.38235294117647056,9,1,5,1,8,3,0.026823529411764708,0.1111111111111111,0.2,0.375
643511,SI,17,82.49411764705883,6.094117647058823,-0.1576470588235294,-1.1588235294117646,6,0,9,0,6,3,0.02423529411764706,0.0,0.0,0.5
571927,CU,17,78.84117647058824,6.482352941176471,-0.9117647058823529,-0.7976470588235295,4,4,13,3,0,0,0.019470588235294115,1.0,0.23076923076923078,
455119,FC,17,91.38235294117646,6.458823529411765,0.2570588235294118,0.7294117647058824,10,1,6,4,9,1,0.01623529411764706,0.1,0.6666666666666666,0.1111111111111111
571948,SI,17,87.71176470588235,6.670588235294118,1.5288235294117647,-0.18,4,0,5,0,4,0,0.016235294117647053,0.0,0.0,0.0
682847,FC,17,91.0,6.847058823529412,-0.07764705882352942,0.841764705882353,7,1,7,2,6,2,0.015058823529411765,0.14285714285714285,0.2857142857142857,0.3333333333333333
640902,FA,17,65.69411764705882,5.288235294117648,-0.09000000000000001,1.2641176470588233,4,0,8,1,4,1,0.009529411764705878,0.0,0.125,0.25
573204,FF,17,92.22941176470589,6.323529411764706,0.24176470588235296,1.6076470588235294,10,3,7,2,6,3,0.00723529411764706,0.3,0.2857142857142857,0.5
806185,CH,17,88.09411764705882,6.576470588235294,-0.928235294117647,-0.16764705882352943,8,4,14,5,4,1,0.0038235294117647117,0.5,0.35714285714285715,0.25
621111,FC,17,89.90588235294118,6.729411764705882,0.2576470588235294,1.0205882352941178,11,2,6,4,9,1,0.0031176470588235266,0.18181818181818182,0.6666666666666666,0.1111111111111111
686799,SL,17,83.8529411764706,6.447058823529411,0.48294117647058826,-0.052941176470588235,8,2,7,1,5,2,0.0019411764705882359,0.25,0.14285714285714285,0.4
668716,ST,17,82.45882352941176,6.747058823529412,1.0682352941176472,0.28058823529411764,6,1,14,3,5,2,-0.0004705882352941164,0.16666666666666666,0.21428571428571427,0.4
472610,ST,17,82.9470588235294,6.341176470588235,1.0170588235294118,0.26941176470588235,5,1,12,1,4,1,-0.003941176470588239,0.2,0.08333333333333333,0.25
592662,CH,17,84.48823529411764,6.023529411764706,0.9758823529411764,0.8523529411764706,9,5,12,5,3,2,-0.004647058823529408,0.5555555555555556,0.4166666666666667,0.6666666666666666
669160,FF,17,95.12352941176471,6.794117647058823,-0.8841176470588235,1.043529411764706,9,3,11,3,4,0,-0.006647058823529411,0.3333333333333333,0.2727272727272727,0.0
694973,CU,17,83.21176470588235,6.170588235294118,0.5611764705882353,-0.24529411764705883,5,2,9,3,3,0,-0.00805882352941176,0.4,0.3333333333333333,0.0
676395,FF,17,94.00588235294117,6.511764705882353,0.7888235294117647,1.1070588235294119,3,1,10,1,1,1,-0.009235294117647057,0.3333333333333333,0.1,1.0
621244,CH,17,85.25294117647059,6.611764705882353,-1.1252941176470588,0.42823529411764705,7,2,11,3,3,1,-0.01441176470588235,0.2857142857142857,0.2727272727272727,0.3333333333333333
685126,SL,17,85.7,7.188235294117647,-0.19941176470588237,0.2964705882352941,10,3,6,2,6,1,-0.026352941176470593,0.3,0.3333333333333333,0.16666666666666666
670280,FF,17,97.36470588235295,6.6000000000000005,-0.6423529411764706,1.526470588235294,8,3,8,3,5,2,-0.027941176470588233,0.375,0.375,0.4
678692,FF,17,95.2235294117647,6.405882352941177,-0.5664705882352941,1.538235294117647,6,1,11,3,5,1,-0.032999999999999995,0.16666666666666666,0.2727272727272727,0.2
695549,FF,17,97.0,6.141176470588235,-0.6870588235294117,1.5358823529411765,9,1,7,0,7,2,-0.035352941176470594,0.1111111111111111,0.0,0.2857142857142857
680730,CU,17,81.27058823529411,6.694117647058824,-0.014705882352941176,-0.6294117647058823,5,1,11,2,4,1,-0.04952941176470588,0.2,0.18181818181818182,0.25
669622,SI,17,96.60000000000001,5.864705882352942,-1.5129411764705882,0.34294117647058825,6,1,7,1,5,2,-0.06329411764705882,0.16666666666666666,0.14285714285714285,0.4
622786,SI,17,95.10588235294118,6.176470588235294,-1.5594117647058825,0.35000000000000003,7,1,6,1,6,2,-0.06923529411764706,0.14285714285714285,0.16666666666666666,0.3333333333333333
678606,SI,17,98.04117647058824,6.1000000000000005,1.55,0.6805882352941177,10,2,8,3,7,2,-0.07005882352941176,0.2,0.375,0.2857142857142857
645261,FC,17,88.06470588235295,5.858823529411764,0.0035294117647058855,0.24529411764705883,6,3,11,1,3,1,-0.083,0.5,0.09090909090909091,0.3333333333333333
570632,CH,17,88.99411764705883,6.541176470588235,-1.4223529411764706,0.7876470588235295,9,2,9,1,5,1,-0.09364705882352939,0.2222222222222222,0.1111111111111111,0.2
623474,SI,17,92.77058823529411,5.070588235294117,-1.1047058823529412,0.07117647058823529,4,1,8,0,2,1,-0.1051764705882353,0.25,0.0,0.5
656731,SI,17,94.9235294117647,7.123529411764705,-1.2747058823529414,0.621764705882353,8,0,9,2,8,2,-0.10841176470588236,0.0,0.2222222222222222,0.25
670102,FS,17,82.84705882352942,6.641176470588236,-0.7576470588235295,0.4682352941176471,7,2,13,3,4,2,-0.18011764705882352,0.2857142857142857,0.23076923076923078,0.5
682847,SI,16,94.475,6.85,-1.34375,0.229375,9,2,4,1,7,2,0.0874375,0.2222222222222222,0.25,0.2857142857142857
683004,SI,16,96.64375,6.75,-1.120625,1.3,8,0,5,1,8,5,0.0656875,0.0,0.2,0.625
670970,SL,16,88.50625,6.1875,-0.43,-0.028125,7,6,7,3,1,0,0.0633125,0.8571428571428571,0.42857142857142855,0.0
663687,CH,16,81.45,6.68125,1.351875,1.27125,8,3,3,1,4,0,0.061312500000000006,0.375,0.3333333333333333,0.0
608371,FF,16,94.6125,6.01875,-0.54375,1.55125,9,3,6,1,6,2,0.06,0.3333333333333333,0.16666666666666666,0.3333333333333333
607067,ST,16,80.89375,6.7125,1.219375,-0.023125,8,0,6,1,7,0,0.059625,0.0,0.16666666666666666,0.0
680689,CH,16,85.76875,5.7625,-1.20375,0.22,10,3,5,0,6,2,0.057312499999999995,0.3,0.0,0.3333333333333333
669373,SL,16,90.575,6.4375,-0.316875,0.42,8,3,5,0,4,0,0.050562499999999996,0.375,0.0,0.0
682243,FS,16,82.68125,6.36875,-0.82625,0.27875,7,3,10,4,4,1,0.048625,0.42857142857142855,0.4,0.25
605400,SI,16,91.33125,6.9375,-1.48625,0.704375,8,1,7,2,6,3,0.043062500000000004,0.125,0.2857142857142857,0.5
676508,FC,16,91.30625,5.69375,0.415625,0.491875,10,3,4,1,7,1,0.0419375,0.3,0.25,0.14285714285714285
695445,SI,16,90.6,6.20625,-0.806875,-0.103125,4,0,10,0,4,1,0.04025,0.0,0.0,0.25
684974,FF,16,92.61875,6.65625,-1.56125,0.8668750000000001,8,2,5,0,6,1,0.030187499999999996,0.25,0.0,0.16666666666666666
656234,CU,16,80.06875,5.9,1.31375,-0.723125,6,3,10,3,2,0,0.0299375,0.5,0.3,0.0
702070,CU,16,82.39375,6.11875,-0.23875,-0.848125,7,3,9,2,3,1,0.029499999999999995,0.42857142857142855,0.2222222222222222,0.3333333333333333
656945,FF,16,96.425,6.19375,0.509375,1.4825,10,4,4,0,5,1,0.028375,0.4,0.0,0.2
623437,ST,16,81.9,5.6125,1.35,0.331875,6,2,11,3,4,0,0.02625,0.3333333333333333,0.2727272727272727,0.0
672335,SL,16,88.8125,6.00625,-0.504375,0.09,8,5,10,3,3,0,0.025312499999999998,0.625,0.3,0.0
664126,SL,16,84.4375,6.39375,0.3775,-0.469375,6,2,9,1,4,1,0.021625,0.3333333333333333,0.1111111111111111,0.25
663465,FC,16,85.025,6.3625,-0.520625,0.581875,9,3,4,1,6,2,0.020499999999999997,0.3333333333333333,0.25,0.3333333333333333
689254,ST,16,81.7125,6.98125,-1.415625,0.23375,6,3,9,1,3,2,0.01625,0.5,0.1111111111111111,0.6666666666666666
688138,ST,16,82.9625,5.9125,1.411875,0.014999999999999996,9,0,11,5,8,1,0.009062500000000001,0.0,0.45454545454545453,0.125
664062,FS,16,83.69375,5.8,-0.99,0.0006250000000000075,9,5,12,7,4,0,0.008937500000000001,0.5555555555555556,0.5833333333333334,0.0
676664,CH,16,81.71875,6.49375,1.304375,0.284375,6,1,11,3,4,0,0.006125000000000001,0.16666666666666666,0.2727272727272727,0.0
657649,SI,16,94.30625,6.28125,1.319375,0.86,5,0,4,2,5,0,0.0052499999999999995,0.0,0.5,0.0
668820,FF,16,95.975,6.68125,-0.3175,1.483125,11,3,10,6,8,0,0.001187500000000001,0.2727272727272727,0.6,0.0
656986,FF,16,95.375,6.53125,0.358125,1.4575,6,0,8,0,6,2,0.00018749999999999843,0.0,0.0,0.3333333333333333
689147,FF,16,98.2125,6.38125,-0.899375,1.42125,8,1,5,1,6,3,-0.00024999999999999675,0.125,0.2,0.5
669371,ST,16,80.16875,6.29375,1.295625,0.008749999999999999,6,2,8,0,4,2,-0.0013750000000000008,0.3333333333333333,0.0,0.5
622491,CH,16,87.24375,5.2875,-1.556875,-0.098125,6,5,13,5,1,0,-0.0021249999999999993,0.8333333333333334,0.38461538461538464,0.0
622253,ST,16,79.075,6.06875,0.79,0.31625000000000003,4,2,10,1,2,1,-0.003875000000000001,0.5,0.1,0.5
672456,SI,16,93.25625,6.3875,-1.38125,0.92,6,0,5,1,4,1,-0.0041874999999999985,0.0,0.2,0.25
683004,FF,16,97.81875,6.71875,-0.678125,1.4825,5,0,9,2,5,0,-0.004437499999999999,0.0,0.2222222222222222,0.0
657097,FF,16,92.98125,6.39375,-0.794375,1.3625,5,2,10,0,2,0,-0.004875000000000001,0.4,0.0,0.0
663465,CH,16,82.00625,5.8375,1.2575,0.495,12,2,5,1,9,4,-0.005562500000000005,0.16666666666666666,0.2,0.4444444444444444
669461,SI,16,94.74375,6.4625,0.981875,1.11875,8,1,4,0,7,4,-0.007187500000000006,0.125,0.0,0.5714285714285714
622491,SL,16,83.7875,5.175,0.11125,-0.26437499999999997,6,3,11,4,3,0,-0.008562499999999999,0.5,0.36363636363636365,0.0
676106,FF,16,93.28125,6.1625,-1.300625,1.055,10,2,7,3,8,0,-0.011125000000000003,0.2,0.42857142857142855,0.0
669203,SL,16,87.59375,6.575,0.505625,0.233125,9,2,10,4,7,3,-0.015875000000000004,0.2222222222222222,0.4,0.42857142857142855
686613,KC,16,83.73125,6.525,0.43374999999999997,-1.3,10,2,6,2,7,2,-0.017,0.2,0.3333333333333333,0.2857142857142857
622663,SL,16,87.05625,6.3625,0.571875,0.5443749999999999,7,0,8,3,7,1,-0.017375,0.0,0.375,0.14285714285714285
676254,SI,16,95.53125,6.33125,-1.58125,0.30062500000000003,4,1,5,1,2,2,-0.0235625,0.25,0.2,1.0
682989,FC,16,89.66875,6.575,0.153125,0.66,5,2,13,4,2,0,-0.023625000000000004,0.4,0.3076923076923077,0.0
608379,CH,16,81.0875,6.575,-0.87875,0.846875,9,2,6,1,7,1,-0.02449999999999999,0.2222222222222222,0.16666666666666666,0.14285714285714285
621111,KC,16,77.10625,6.7125,0.934375,-1.3225,9,1,7,3,8,1,-0.028937500000000005,0.1111111111111111,0.42857142857142855,0.125
669724,SL,16,88.09375,6.0874999999999995,0.17375000000000002,0.2275,2,0,11,1,2,1,-0.034625,0.0,0.09090909090909091,0.5
678692,ST,16,84.725,6.51875,1.108125,0.245625,9,2,11,4,4,1,-0.036562500000000005,0.2222222222222222,0.36363636363636365,0.25
666277,FF,16,96.09375,6.28125,-0.76,1.066875,11,2,5,1,8,3,-0.0379375,0.18181818181818182,0.2,0.375
680732,SL,16,87.225,6.9125,0.566875,0.525625,11,2,3,1,9,4,-0.04475,0.18181818181818182,0.3333333333333333,0.4444444444444444
672282,SL,16,87.39375,6.2875,-0.270625,-0.1075,10,4,4,2,6,3,-0.04693750000000001,0.4,0.5,0.5
595978,FA,16,73.08125,5.7375,-1.1668749999999999,1.13,2,0,10,0,2,2,-0.04693750000000001,0.0,0.0,1.0
701542,CH,16,87.71875,6.54375,-1.22625,0.169375,10,5,10,4,5,3,-0.049625,0.5,0.4,0.6
607200,FC,16,89.425,6.6375,-0.056875,0.844375,11,0,7,3,10,2,-0.050624999999999996,0.0,0.42857142857142855,0.2
688138,SI,16,92.9125,5.9125000000000005,-1.524375,0.30375,6,0,8,2,5,4,-0.11256250000000001,0.0,0.25,0.8
686563,ST,15,81.49333333333334,6.026666666666666,1.26,0.26799999999999996,8,1,7,2,7,2,0.08733333333333333,0.125,0.2857142857142857,0.2857142857142857
592155,FF,15,95.16666666666667,6.446666666666667,0.49466666666666664,1.3326666666666667,9,2,7,3,6,2,0.0794,0.2222222222222222,0.42857142857142855,0.3333333333333333
671109,FF,15,93.46666666666667,6.86,0.9213333333333333,1.222,6,1,5,1,5,4,0.07426666666666666,0.16666666666666666,0.2,0.8
669276,SL,15,85.43333333333334,6.253333333333333,-0.08600000000000001,0.44466666666666665,11,2,5,2,8,2,0.07400000000000001,0.18181818181818182,0.4,0.25
669302,FF,15,94.52,7.180000000000001,-0.9513333333333333,1.3866666666666667,8,2,6,0,6,2,0.07106666666666665,0.25,0.0,0.3333333333333333
700249,CH,15,83.41333333333334,6.333333333333333,0.8366666666666667,0.5706666666666667,8,2,8,2,5,1,0.06473333333333334,0.25,0.25,0.2
674370,SI,15,94.4,6.1866666666666665,-1.3086666666666666,0.9653333333333334,8,1,3,1,6,1,0.06193333333333333,0.125,0.3333333333333333,0.16666666666666666
676979,ST,15,83.18666666666667,6.62,-1.1293333333333335,-0.06733333333333333,10,5,12,7,5,1,0.058133333333333335,0.5,0.5833333333333334,0.2
608379,SL,15,85.58,6.7,0.27066666666666667,0.35666666666666663,9,4,7,2,4,0,0.05566666666666666,0.4444444444444444,0.2857142857142857,0.0
666157,SI,15,93.42666666666668,6.28,1.1426666666666667,0.504,8,1,7,2,7,0,0.053733333333333334,0.125,0.2857142857142857,0.0
594902,SL,15,82.10666666666665,6.7733333333333325,0.492,0.272,8,1,7,2,7,3,0.05193333333333334,0.125,0.2857142857142857,0.42857142857142855
676254,SL,15,83.48666666666666,6.28,1.3313333333333333,0.32133333333333336,8,4,9,5,4,1,0.0514,0.5,0.5555555555555556,0.25
683769,SL,15,89.35333333333332,7.12,0.526,0.656,9,7,12,6,1,0,0.04613333333333333,0.7777777777777778,0.5,0.0
668933,SL,15,90.64,5.506666666666666,0.8593333333333334,-0.15933333333333335,12,8,11,9,4,0,0.04406666666666667,0.6666666666666666,0.8181818181818182,0.0
607074,CH,15,85.49333333333334,6.073333333333333,0.9453333333333334,0.3126666666666667,9,4,11,5,4,1,0.0438,0.4444444444444444,0.45454545454545453,0.25
669717,SL,15,47.78666666666666,3.44,-0.67,1.6153333333333333,5,0,11,3,5,2,0.043333333333333335,0.0,0.2727272727272727,0.4
676282,CH,15,77.92,7.466666666666667,0.9266666666666666,1.0706666666666667,8,4,9,3,4,1,0.0326,0.5,0.3333333333333333,0.25
667755,FS,15,90.90666666666667,6.6466666666666665,-0.718,-0.036,6,2,11,4,3,0,0.028933333333333335,0.3333333333333333,0.36363636363636365,0.0
672782,CU,15,79.61999999999999,6.706666666666666,1.1466666666666667,-0.7973333333333332,5,3,10,2,1,1,0.025599999999999998,0.6,0.2,1.0
656240,FF,15,92.49333333333334,7.133333333333334,-0.3206666666666667,1.0926666666666667,5,0,8,1,5,0,0.025133333333333334,0.0,0.125,0.0
607536,CH,15,85.98,6.6066666666666665,1.036,0.42533333333333334,7,1,9,2,5,1,0.0242,0.14285714285714285,0.2222222222222222,0.2
664126,FF,15,96.67333333333333,6.58,0.16,1.3960000000000001,7,0,5,1,7,2,0.023933333333333338,0.0,0.2,0.2857142857142857
592836,SI,15,90.96666666666667,5.973333333333333,-1.226,1.1206666666666665,7,0,6,2,7,0,0.020933333333333335,0.0,0.3333333333333333,0.0
663903,FC,15,87.61999999999999,6.713333333333334,0.042,0.6546666666666667,6,1,8,1,5,1,0.016666666666666666,0.16666666666666666,0.125,0.2
607259,FC,15,87.88666666666667,5.92,0.27666666666666667,0.8233333333333334,8,0,6,0,8,2,0.01606666666666666,0.0,0.0,0.25
592791,ST,15,80.59333333333333,6.760000000000001,1.3066666666666669,0.01,7,1,9,2,6,0,0.015466666666666662,0.14285714285714285,0.2222222222222222,0.0
677020,SL,15,83.46666666666667,7.233333333333333,-0.5953333333333333,0.24133333333333334,6,5,9,2,1,0,0.013199999999999998,0.8333333333333334,0.2222222222222222,0.0
669622,ST,15,85.48,5.706666666666666,1.1313333333333333,0.03933333333333334,5,0,10,1,5,2,0.007066666666666667,0.0,0.1,0.4
663947,CH,15,84.78666666666666,6.46,1.2433333333333332,0.428,8,2,10,3,6,0,0.0025999999999999973,0.25,0.3,0.0
671131,SI,15,95.16666666666667,6.54,-1.5799999999999998,0.622,2,0,5,0,2,1,0.0014666666666666684,0.0,0.0,0.5
571760,CH,15,81.11333333333333,6.346666666666667,1.542,0.452,7,0,12,5,7,2,0.001266666666666664,0.0,0.4166666666666667,0.2857142857142857
607536,KC,15,82.96000000000001,6.713333333333334,-0.14800000000000002,-0.4806666666666667,9,3,7,3,6,1,0.0012000000000000123,0.3333333333333333,0.42857142857142855,0.16666666666666666
702070,FC,15,87.29333333333334,6.1,-0.42866666666666664,0.33399999999999996,11,3,4,0,8,2,0.0009999999999999976,0.2727272727272727,0.0,0.25
642207,CH,15,84.08666666666666,7.2733333333333325,-1.694,-0.14666666666666667,7,4,11,5,2,1,0.0002666666666666669,0.5714285714285714,0.45454545454545453,0.5
681517,SL,15,89.86,7.026666666666667,0.39466666666666667,0.3973333333333333,7,2,6,1,5,2,0.00020000000000000017,0.2857142857142857,0.16666666666666666,0.4
594902,CH,15,85.40666666666667,6.793333333333334,-1.3633333333333333,0.7513333333333333,6,0,7,1,6,0,-0.004,0.0,0.14285714285714285,0.0
607481,SI,15,91.20666666666666,6.54,1.1553333333333333,0.09133333333333334,5,1,6,2,4,1,-0.004400000000000004,0.2,0.3333333333333333,0.25
542888,ST,15,84.9,6.673333333333333,1.0153333333333334,0.7866666666666667,4,2,9,1,2,0,-0.006800000000000002,0.5,0.1111111111111111,0.0
622554,FF,15,97.53999999999999,6.566666666666666,-0.5386666666666666,1.2746666666666668,4,1,9,1,3,0,-0.007066666666666666,0.25,0.1111111111111111,0.0
669060,FC,15,88.14666666666668,6.453333333333333,0.24933333333333332,0.7486666666666667,5,3,9,1,2,0,-0.008733333333333333,0.6,0.1111111111111111,0.0
643410,FS,15,86.14,6.653333333333333,-0.588,0.26999999999999996,6,3,12,3,3,0,-0.009599999999999994,0.5,0.25,0.0
571945,CU,15,75.96666666666667,6.14,0.7133333333333333,-1.286,2,0,10,0,2,0,-0.011,0.0,0.0,0.0
605280,ST,15,81.47333333333333,5.7733333333333325,1.3033333333333335,-0.48133333333333334,2,0,11,1,2,0,-0.016933333333333335,0.0,0.09090909090909091,0.0
694363,CH,15,83.61999999999999,6.786666666666666,1.1473333333333333,-0.13866666666666666,7,2,10,3,5,0,-0.021266666666666663,0.2857142857142857,0.3,0.0
681343,SI,15,94.36666666666666,6.826666666666667,-1.2979999999999998,0.9946666666666667,10,2,5,3,8,4,-0.02133333333333333,0.2,0.6,0.5
675989,ST,15,82.87333333333332,6.246666666666667,1.1846666666666665,0.16266666666666665,10,2,3,1,8,3,-0.023466666666666667,0.2,0.3333333333333333,0.375
669022,CH,15,86.2,6.986666666666666,1.15,0.6513333333333333,9,5,10,5,4,2,-0.02406666666666667,0.5555555555555556,0.5,0.5
663562,SI,15,93.41333333333334,5.319999999999999,-1.584,0.5226666666666666,2,0,7,0,2,0,-0.02746666666666667,0.0,0.0,0.0
663687,FF,15,93.05333333333333,6.6466666666666665,0.762,1.4406666666666665,9,1,5,0,8,1,-0.029400000000000006,0.1111111111111111,0.0,0.125
676263,FF,15,91.83333333333333,6.46,0.572,1.6533333333333333,9,4,1,0,5,1,-0.031933333333333334,0.4444444444444444,0.0,0.2
571927,CH,15,82.98666666666666,6.473333333333333,1.3366666666666667,0.010000000000000002,11,2,6,5,8,1,-0.032400000000000005,0.18181818181818182,0.8333333333333334,0.125
593958,FC,15,88.7,6.180000000000001,0.030000000000000002,1.1526666666666665,9,1,6,2,8,1,-0.03413333333333333,0.1111111111111111,0.3333333333333333,0.125
676440,FF,15,95.14666666666668,6.766666666666667,-0.4953333333333333,1.1366666666666667,9,1,4,1,8,3,-0.0406,0.1111111111111111,0.25,0.375
641793,FS,15,84.14666666666668,6.180000000000001,-1.2713333333333334,-0.2846666666666666,7,0,11,4,6,2,-0.04473333333333333,0.0,0.36363636363636365,0.3333333333333333
693821,FF,15,91.71333333333334,6.033333333333333,-0.32733333333333337,0.9986666666666667,8,1,6,1,7,2,-0.04653333333333333,0.125,0.16666666666666666,0.2857142857142857
543243,FC,15,89.74666666666667,6.56,0.2906666666666667,0.402,8,2,9,3,6,1,-0.05046666666666667,0.25,0.3333333333333333,0.16666666666666666
489446,FS,15,85.60666666666665,6.166666666666667,-1.1426666666666667,-0.08066666666666666,9,2,11,5,5,2,-0.05413333333333333,0.2222222222222222,0.45454545454545453,0.4
676702,FF,15,96.22666666666667,6.406666666666666,-0.226,1.2253333333333332,8,1,9,2,6,2,-0.0852,0.125,0.2222222222222222,0.3333333333333333
694363,FF,15,91.81333333333333,6.5600000000000005,0.9593333333333334,1.078,10,2,7,3,6,1,-0.09293333333333333,0.2,0.42857142857142855,0.16666666666666666
623352,SI,15,95.04666666666667,6.786666666666666,0.802,1.546,11,4,4,2,7,2,-0.1082,0.36363636363636365,0.5,0.2857142857142857
579328,CH,15,83.48666666666666,6.6,1.288,0.498,6,1,10,2,5,4,-0.1186,0.16666666666666666,0.2,0.8
687362,FF,15,91.41333333333334,5.866666666666666,-0.594,1.5613333333333335,9,2,6,1,7,5,-0.1304,0.2222222222222222,0.16666666666666666,0.7142857142857143
676684,SL,15,89.64,6.34,0.308,0.029999999999999995,6,1,10,3,5,1,-0.13160000000000002,0.16666666666666666,0.3,0.2
801403,SL,15,89.64,6.12,0.3473333333333333,0.42133333333333334,7,2,10,3,5,3,-0.13766666666666666,0.2857142857142857,0.3,0.6
680573,SL,15,85.01333333333334,6.513333333333334,0.49933333333333335,0.5820000000000001,6,1,7,1,5,2,-0.1658,0.16666666666666666,0.14285714285714285,0.4
593958,CH,15,85.63333333333334,6.2266666666666675,1.4793333333333334,0.38999999999999996,7,1,12,4,5,1,-0.19826666666666667,0.14285714285714285,0.3333333333333333,0.2
663399,SL,14,86.53571428571429,6.171428571428571,-0.4114285714285714,0.4135714285714286,10,3,8,5,6,2,0.11035714285714285,0.3,0.625,0.3333333333333333
605280,CH,14,88.85000000000001,6.064285714285715,-1.025,0.11714285714285715,9,3,10,6,5,2,0.07692857142857143,0.3333333333333333,0.6,0.4
676395,SL,14,86.04285714285713,6.585714285714286,-0.3685714285714286,0.23142857142857146,9,1,6,2,8,0,0.07685714285714286,0.1111111111111111,0.3333333333333333,0.0
606303,FF,14,94.54285714285713,6.328571428571428,-0.6607142857142857,1.4164285714285714,6,0,6,2,5,1,0.06685714285714285,0.0,0.3333333333333333,0.2
663969,ST,14,84.45714285714287,6.421428571428572,0.7435714285714285,0.1907142857142857,7,4,7,3,3,1,0.0657857142857143,0.5714285714285714,0.42857142857142855,0.3333333333333333
669199,SL,14,87.31428571428572,5.878571428571428,0.31357142857142856,-0.10214285714285716,9,2,6,3,5,2,0.06392857142857143,0.2222222222222222,0.5,0.4
655889,SI,14,96.77142857142857,6.671428571428572,-1.3028571428571427,0.8785714285714287,7,5,6,2,2,2,0.062428571428571424,0.7142857142857143,0.3333333333333333,1.0
455119,FF,14,95.20714285714287,6.55,-0.6007142857142858,1.3135714285714286,6,1,5,1,5,0,0.05814285714285715,0.16666666666666666,0.2,0.0
641154,SI,14,93.36428571428571,7.078571428571428,-1.3992857142857142,0.6771428571428572,9,1,7,4,5,0,0.055214285714285716,0.1111111111111111,0.5714285714285714,0.0
656546,SL,14,88.30714285714285,6.442857142857143,0.4992857142857143,-0.11785714285714287,6,4,5,1,2,0,0.04685714285714286,0.6666666666666666,0.2,0.0
676440,ST,14,83.65714285714286,6.692857142857143,1.1328571428571428,0.18357142857142855,6,2,7,1,4,0,0.045142857142857144,0.3333333333333333,0.14285714285714285,0.0
643377,ST,14,88.65714285714286,6.3,1.1028571428571428,-0.22642857142857142,10,6,6,5,4,1,0.045,0.6,0.8333333333333334,0.25
571945,SL,14,86.38571428571429,6.107142857142857,0.24500000000000002,0.4828571428571428,7,0,7,1,7,3,0.04492857142857142,0.0,0.14285714285714285,0.42857142857142855
518876,SI,14,92.27142857142857,6.1,-1.5735714285714286,0.5064285714285715,8,0,4,1,5,1,0.04214285714285715,0.0,0.25,0.2
623352,SL,14,82.63571428571429,6.435714285714285,-0.31857142857142856,-0.09428571428571429,9,3,6,2,6,0,0.042,0.3333333333333333,0.3333333333333333,0.0
686701,FF,14,94.02142857142857,6.692857142857143,-0.7435714285714285,1.637857142857143,6,0,5,0,6,1,0.038071428571428576,0.0,0.0,0.16666666666666666
641793,FF,14,92.92857142857143,6.264285714285714,-0.8057142857142857,1.377857142857143,8,1,6,2,6,0,0.03735714285714286,0.125,0.3333333333333333,0.0
694973,ST,14,84.64285714285714,6.135714285714286,0.9114285714285714,0.5385714285714286,3,1,8,1,2,1,0.031142857142857142,0.3333333333333333,0.125,0.5
669060,SI,14,92.17142857142858,6.414285714285714,-1.5042857142857142,0.6664285714285715,8,0,9,4,8,2,0.030285714285714284,0.0,0.4444444444444444,0.25
571510,SL,14,81.00714285714285,6.278571428571429,-0.32357142857142857,-0.13357142857142856,6,4,10,2,2,0,0.02178571428571428,0.6666666666666666,0.2,0.0
686563,FF,14,93.32857142857142,6.035714285714286,-0.7592857142857143,1.2449999999999999,7,1,6,2,6,2,0.0215,0.14285714285714285,0.3333333333333333,0.3333333333333333
687863,ST,14,83.35000000000001,7.228571428571429,1.4285714285714286,0.05714285714285715,6,1,9,3,4,0,0.019857142857142858,0.16666666666666666,0.3333333333333333,0.0
554430,FS,14,87.75714285714285,7.278571428571429,-1.1942857142857142,0.6164285714285713,7,2,10,4,5,0,0.018785714285714288,0.2857142857142857,0.4,0.0
663554,SI,14,95.49285714285715,6.9071428571428575,-1.292142857142857,1.0957142857142856,10,1,5,3,8,2,0.018285714285714277,0.1,0.6,0.25
676680,ST,14,75.86428571428571,5.721428571428571,-1.272857142857143,0.01785714285714286,7,0,11,5,6,1,0.017142857142857144,0.0,0.45454545454545453,0.16666666666666666
669060,CU,14,81.54285714285713,6.521428571428571,1.1664285714285716,0.05142857142857143,5,0,5,2,5,1,0.016642857142857143,0.0,0.4,0.2
674285,FF,14,95.47142857142856,6.757142857142857,-0.8307142857142856,1.1078571428571429,7,2,11,4,3,1,0.016499999999999997,0.2857142857142857,0.36363636363636365,0.3333333333333333
669211,CH,14,85.76428571428572,5.8,1.4121428571428571,0.7128571428571429,6,1,8,2,3,0,0.015214285714285718,0.16666666666666666,0.25,0.0
661403,SL,14,89.89999999999999,6.664285714285714,0.7564285714285715,0.3157142857142857,7,4,9,2,3,1,0.015000000000000001,0.5714285714285714,0.2222222222222222,0.3333333333333333
685801,FF,14,97.89285714285714,6.742857142857143,-0.39714285714285713,1.5057142857142856,7,0,8,2,6,2,0.014357142857142863,0.0,0.25,0.3333333333333333
642397,SL,14,86.57857142857142,6.45,-0.07357142857142858,0.435,9,4,9,5,5,1,0.008285714285714283,0.4444444444444444,0.5555555555555556,0.2
663562,ST,14,78.75714285714285,5.221428571428571,1.532142857142857,-0.09642857142857143,2,2,11,2,0,0,0.006928571428571429,1.0,0.18181818181818182,
450203,CH,14,87.56428571428572,6.178571428571429,-1.3657142857142859,-0.2885714285714286,7,1,12,5,2,0,0.0012857142857142843,0.14285714285714285,0.4166666666666667,0.0
701121,FF,14,94.27857142857144,6.6571428571428575,-1.0571428571428572,1.1457142857142857,8,3,8,4,5,1,-0.0005000000000000029,0.375,0.5,0.2
676534,FC,14,90.5,5.735714285714286,0.3057142857142857,0.05714285714285715,5,0,6,1,5,1,-0.0015000000000000013,0.0,0.16666666666666666,0.2
672456,CH,14,86.02142857142857,6.485714285714286,-1.4435714285714287,0.49214285714285716,5,1,9,1,4,0,-0.0021428571428571434,0.2,0.1111111111111111,0.0
607259,CH,14,79.12857142857142,5.971428571428572,-0.9185714285714285,0.46642857142857147,2,1,11,1,1,0,-0.009785714285714286,0.5,0.09090909090909091,0.0
687911,ST,14,79.71428571428571,6.628571428571428,-1.5014285714285713,0.28785714285714287,5,0,9,2,5,1,-0.0105,0.0,0.2222222222222222,0.2
688642,FS,14,86.82857142857142,6.007142857142857,-0.7157142857142856,0.15285714285714286,10,5,7,3,5,2,-0.013142857142857145,0.5,0.42857142857142855,0.4
680885,CU,14,81.04285714285713,6.864285714285714,0.7221428571428571,-0.6771428571428572,5,1,8,2,4,0,-0.020499999999999997,0.2,0.25,0.0
542888,FC,14,91.27142857142857,6.6499999999999995,0.3592857142857143,0.8678571428571429,7,0,6,3,6,1,-0.02157142857142857,0.0,0.5,0.16666666666666666
605452,FF,14,93.63571428571429,6.835714285714286,-0.10428571428571429,0.8992857142857142,10,5,6,2,5,0,-0.022142857142857138,0.5,0.3333333333333333,0.0
700669,CU,14,84.65714285714286,6.221428571428571,0.054285714285714284,-1.1692857142857143,5,1,9,1,4,0,-0.029857142857142856,0.2,0.1111111111111111,0.0
683004,CH,14,91.08571428571429,6.5928571428571425,-1.07,0.02928571428571428,6,2,10,2,4,0,-0.032285714285714286,0.3333333333333333,0.2,0.0
694363,SL,14,84.98571428571428,6.578571428571428,-0.185,0.355,8,2,6,3,6,1,-0.03557142857142857,0.25,0.5,0.16666666666666666
573124,SI,14,92.51428571428572,5.778571428571429,1.3514285714285716,0.47285714285714286,6,1,7,1,5,2,-0.04292857142857143,0.16666666666666666,0.14285714285714285,0.4
702352,SI,14,93.87857142857142,6.457142857142857,-1.537857142857143,0.6078571428571429,6,0,5,1,4,1,-0.042928571428571434,0.0,0.2,0.25
592426,SL,14,87.34285714285714,6.764285714285714,0.01071428571428572,-0.415,4,1,7,1,3,1,-0.04864285714285714,0.25,0.14285714285714285,0.3333333333333333
605400,CH,14,84.72857142857143,6.914285714285714,-1.2985714285714285,0.12714285714285714,10,4,11,7,6,1,-0.0495,0.4,0.6363636363636364,0.16666666666666666
693312,SL,14,89.27857142857144,6.8428571428571425,0.4028571428571429,0.15285714285714286,5,1,8,1,4,1,-0.0515,0.2,0.125,0.25
695445,ST,14,81.32142857142857,6.05,1.6514285714285715,0.3907142857142857,7,2,9,4,4,1,-0.05464285714285714,0.2857142857142857,0.4444444444444444,0.25
656730,FF,14,98.17142857142858,6.6499999999999995,-0.5735714285714285,1.6600000000000001,8,1,5,1,7,2,-0.06492857142857143,0.125,0.2,0.2857142857142857
663969,SI,14,95.37142857142858,6.278571428571429,-1.4028571428571428,0.5528571428571428,7,1,7,4,6,3,-0.06692857142857143,0.14285714285714285,0.5714285714285714,0.5
696270,FC,14,90.34285714285714,6.171428571428572,0.3092857142857143,0.5835714285714285,8,2,5,1,6,0,-0.074,0.25,0.2,0.0
686563,FC,14,89.17142857142858,6.078571428571428,0.02,0.8907142857142858,7,1,6,1,6,3,-0.0972857142857143,0.14285714285714285,0.16666666666666666,0.5
681190,CU,14,81.39285714285714,5.928571428571429,1.0507142857142857,-0.59,8,0,3,0,8,1,-0.11514285714285714,0.0,0.0,0.125
518876,FC,14,90.85714285714286,6.035714285714286,-0.36642857142857144,1.0707142857142857,8,3,4,1,5,1,-0.13207142857142856,0.375,0.25,0.2
701542,ST,14,82.66428571428571,6.5,1.8664285714285713,-0.15928571428571428,6,2,7,2,4,2,-0.14664285714285713,0.3333333333333333,0.2857142857142857,0.5
678020,FS,13,91.21538461538461,6.915384615384616,-0.9123076923076924,0.2907692307692308,10,2,6,5,8,0,0.139,0.2,0.8333333333333334,0.0
642585,SI,13,97.56153846153846,6.576923076923077,-0.4230769230769231,1.753076923076923,7,2,3,0,5,0,0.10776923076923077,0.2857142857142857,0.0,0.0
656546,FF,13,97.52307692307691,6.56923076923077,-0.8992307692307692,1.4807692307692308,10,3,4,1,6,0,0.09161538461538463,0.3,0.25,0.0
662253,SL,13,87.56923076923077,6.800000000000001,0.4030769230769231,-0.08692307692307694,6,4,8,4,2,1,0.06892307692307692,0.6666666666666666,0.5,0.5
642232,ST,13,72.38461538461539,6.076923076923077,-0.9930769230769231,0.6615384615384615,5,2,8,2,3,0,0.05884615384615385,0.4,0.25,0.0
657746,SI,13,93.56153846153846,6.769230769230769,-1.2338461538461538,0.7446153846153846,11,4,3,2,6,0,0.05761538461538462,0.36363636363636365,0.6666666666666666,0.0
621381,SL,13,83.15384615384616,6.161538461538461,-0.5238461538461539,0.3946153846153846,9,2,6,3,5,1,0.05361538461538461,0.2222222222222222,0.5,0.2
673513,FF,13,91.89230769230768,5.915384615384616,0.18615384615384614,1.6238461538461537,8,0,6,3,8,3,0.045461538461538456,0.0,0.5,0.375
681982,FF,13,92.42307692307692,6.453846153846154,-1.2261538461538461,1.01,5,2,6,2,2,0,0.043846153846153854,0.4,0.3333333333333333,0.0
669438,SI,13,92.56923076923077,6.1461538461538465,-1.2269230769230768,0.6807692307692308,5,0,5,0,5,0,0.04169230769230769,0.0,0.0,0.0
593974,SI,13,94.80000000000001,5.576923076923077,1.283076923076923,0.8176923076923076,6,2,6,2,4,1,0.04038461538461539,0.3333333333333333,0.3333333333333333,0.25
641329,SL,13,88.80000000000001,6.376923076923077,0.6030769230769231,0.5361538461538461,6,0,5,1,6,2,0.03915384615384614,0.0,0.2,0.3333333333333333
656945,SL,13,88.73076923076923,6.315384615384615,-0.5861538461538461,0.053076923076923084,5,2,8,2,2,0,0.03669230769230769,0.4,0.25,0.0
623149,ST,13,83.29230769230769,6.5,0.7176923076923077,0.6623076923076923,7,3,5,2,4,1,0.03446153846153846,0.42857142857142855,0.4,0.25
596271,FF,13,87.83076923076922,5.930769230769231,-1.0676923076923077,1.060769230769231,9,1,4,1,8,2,0.028999999999999995,0.1111111111111111,0.25,0.25
676092,FF,13,92.66923076923078,5.976923076923077,-0.11615384615384615,0.6884615384615385,7,1,4,0,6,2,0.02546153846153846,0.14285714285714285,0.0,0.3333333333333333
669022,FC,13,90.63846153846154,6.815384615384615,-0.04923076923076923,0.7423076923076923,7,2,7,3,5,2,0.022230769230769228,0.2857142857142857,0.42857142857142855,0.4
676680,SI,13,87.17692307692307,5.892307692307692,0.9976923076923078,0.5661538461538461,8,3,5,1,5,1,0.020999999999999998,0.375,0.2,0.2
664849,SI,13,94.05384615384615,6.415384615384616,1.323076923076923,0.18076923076923077,5,2,6,3,3,1,0.020384615384615383,0.4,0.5,0.3333333333333333
672582,SL,13,83.12307692307694,5.553846153846154,-0.7953846153846154,-0.5869230769230769,6,2,6,2,4,0,0.017692307692307695,0.3333333333333333,0.3333333333333333,0.0
657571,FC,13,88.70769230769231,6.361538461538462,-0.20692307692307693,0.5384615384615384,7,1,5,1,5,0,0.016153846153846154,0.14285714285714285,0.2,0.0
682847,CH,13,89.06153846153846,6.861538461538462,-1.2553846153846153,-0.02,6,2,9,2,3,0,0.014076923076923077,0.3333333333333333,0.2222222222222222,0.0
615698,FF,13,92.98461538461538,6.2846153846153845,-0.7792307692307692,1.4215384615384616,3,0,9,1,3,1,0.01369230769230769,0.0,0.1111111111111111,0.3333333333333333
671737,FC,13,89.97692307692309,6.376923076923077,0.39307692307692305,0.38846153846153847,5,1,10,2,4,2,0.008692307692307694,0.2,0.2,0.5
683769,CH,13,78.58461538461539,7.3076923076923075,-1.3376923076923077,1.05,7,4,6,1,2,0,0.008307692307692308,0.5714285714285714,0.16666666666666666,0.0
554430,CU,13,81.02307692307691,6.800000000000001,1.0653846153846154,-0.8999999999999999,4,1,9,2,3,1,0.006538461538461538,0.25,0.2222222222222222,0.3333333333333333
621111,FF,13,92.85384615384615,6.676923076923076,-0.5869230769230769,1.46,2,0,7,1,2,1,0.005692307692307691,0.0,0.14285714285714285,0.5
621111,CH,13,89.85384615384615,6.699999999999999,-1.4723076923076923,0.5661538461538462,7,0,5,1,7,0,0.005153846153846161,0.0,0.2,0.0
676282,CU,13,76.48461538461538,7.007692307692308,-0.6746153846153846,-1.6623076923076923,4,0,5,1,3,0,0.0028461538461538463,0.0,0.2,0.0
686580,FF,13,97.57692307692308,6.915384615384616,-0.3792307692307692,1.6015384615384616,5,1,8,0,3,1,0.001999999999999999,0.2,0.0,0.3333333333333333
621383,FF,13,92.56153846153846,5.638461538461538,0.24000000000000002,1.2653846153846153,5,1,6,0,3,0,0.0008461538461538464,0.2,0.0,0.0
614179,CU,13,85.1,6.092307692307693,0.24846153846153846,-0.28,4,0,7,0,4,0,-0.010076923076923074,0.0,0.0,0.0
663559,CU,13,77.79230769230769,6.8538461538461535,-0.2830769230769231,-0.25076923076923074,6,1,6,2,5,0,-0.01769230769230769,0.16666666666666666,0.3333333333333333,0.0
664208,FC,13,91.1846153846154,7.176923076923076,0.0038461538461538472,1.2376923076923076,5,1,5,1,4,1,-0.018769230769230767,0.2,0.2,0.25
668678,SL,13,88.14615384615385,6.523076923076923,0.4492307692307692,0.3807692307692308,5,0,6,0,3,1,-0.01884615384615385,0.0,0.0,0.3333333333333333
554430,ST,13,84.56923076923077,6.8076923076923075,1.1207692307692307,0.3215384615384615,7,2,6,4,3,0,-0.02153846153846154,0.2857142857142857,0.6666666666666666,0.0
687362,ST,13,82.03846153846153,5.607692307692308,0.9869230769230769,-0.10230769230769231,5,2,9,3,3,1,-0.024384615384615387,0.4,0.3333333333333333,0.3333333333333333
669387,SI,13,94.37692307692308,6.438461538461539,-1.436923076923077,0.2630769230769231,6,1,7,2,5,1,-0.02530769230769231,0.16666666666666666,0.2857142857142857,0.2
641778,CH,13,85.26923076923077,6.1692307692307695,0.8684615384615384,0.2469230769230769,3,2,12,2,1,1,-0.03646153846153846,0.6666666666666666,0.16666666666666666,1.0
628317,SL,13,81.36923076923077,5.946153846153846,0.46,0.2076923076923077,6,1,10,4,5,0,-0.03730769230769231,0.16666666666666666,0.4,0.0
669358,CH,13,90.1923076923077,6.6,-1.5892307692307692,0.8484615384615384,5,2,9,1,2,1,-0.03884615384615385,0.4,0.1111111111111111,0.5
502043,CU,13,78.6923076923077,6.823076923076924,0.6530769230769231,-0.9030769230769231,8,2,7,3,6,1,-0.03938461538461539,0.25,0.42857142857142855,0.16666666666666666
678394,CH,13,88.83846153846154,6.338461538461539,-1.2953846153846154,0.22153846153846152,7,2,9,4,5,1,-0.054769230769230764,0.2857142857142857,0.4444444444444444,0.2
687362,CH,13,87.06153846153846,5.815384615384615,-1.316923076923077,0.4776923076923077,7,2,9,3,4,1,-0.057923076923076924,0.2857142857142857,0.3333333333333333,0.25
519008,SI,13,87.42307692307692,5.4692307692307685,1.5184615384615383,-0.12384615384615386,5,1,8,1,4,3,-0.07692307692307693,0.2,0.125,0.75
657240,SL,13,83.97692307692309,6.338461538461539,-0.06461538461538462,-0.24538461538461537,3,0,9,1,3,0,-0.08569230769230768,0.0,0.1111111111111111,0.0
673540,FC,13,89.84615384615384,6.484615384615385,-0.11538461538461539,0.7253846153846154,6,0,2,0,4,2,-0.08815384615384617,0.0,0.0,0.5
676477,CH,13,84.20769230769231,7.1692307692307695,-1.37,0.1630769230769231,9,1,4,1,8,2,-0.1,0.1111111111111111,0.25,0.25
519242,CH,13,86.93076923076923,6.584615384615384,1.2146153846153847,-0.054615384615384614,8,0,6,1,8,3,-0.19915384615384615,0.0,0.16666666666666666,0.375
656550,FC,12,91.575,6.091666666666666,-0.36999999999999994,0.7200000000000001,5,1,4,1,4,1,0.10316666666666667,0.2,0.25,0.25
500779,CU,12,78.24166666666666,6.541666666666667,-0.5499999999999999,-0.4608333333333334,8,2,6,3,6,1,0.09625,0.25,0.5,0.16666666666666666
683232,SL,12,84.89999999999999,6.733333333333333,0.22583333333333333,-0.09083333333333334,8,4,7,6,4,2,0.09225,0.5,0.8571428571428571,0.5
660825,ST,12,82.2,5.666666666666667,1.2733333333333334,-0.2675,6,1,4,2,5,0,0.085,0.16666666666666666,0.5,0.0
674944,SL,12,78.84166666666667,6.291666666666667,-1.365,-0.365,3,1,6,1,2,1,0.08433333333333333,0.3333333333333333,0.16666666666666666,0.5
669302,SL,12,87.0,7.133333333333333,0.07333333333333333,0.01833333333333333,7,3,7,2,4,2,0.07433333333333333,0.42857142857142855,0.2857142857142857,0.5
489446,FF,12,92.51666666666667,6.05,-1.0875000000000001,1.2766666666666666,8,1,5,1,6,0,0.06883333333333333,0.125,0.2,0.0
641941,FS,12,83.18333333333334,7.075,-0.64,0.26333333333333336,7,4,5,2,2,0,0.06241666666666667,0.5714285714285714,0.4,0.0
554340,FF,12,96.175,6.075,-0.8541666666666666,1.2841666666666667,5,1,6,1,4,2,0.06183333333333333,0.2,0.16666666666666666,0.5
607455,SL,12,85.18333333333334,6.1499999999999995,-0.805,-0.18583333333333332,5,0,6,0,5,1,0.05891666666666667,0.0,0.0,0.2
641793,SI,12,92.97500000000001,6.3,-1.1708333333333334,1.2191666666666665,4,0,4,1,4,2,0.05833333333333333,0.0,0.25,0.5
656605,CU,12,77.73333333333333,6.258333333333333,1.0050000000000001,-1.1300000000000001,6,2,4,0,4,0,0.05391666666666667,0.3333333333333333,0.0,0.0
614179,CH,12,89.01666666666667,6.258333333333333,-1.3833333333333335,0.5758333333333333,6,5,10,4,1,0,0.04816666666666667,0.8333333333333334,0.4,0.0
666808,FC,12,98.86666666666666,6.558333333333334,-0.4283333333333333,1.03,5,1,4,0,4,0,0.04683333333333333,0.2,0.0,0.0
593974,CH,12,87.18333333333334,5.733333333333333,1.2633333333333334,0.5325,7,4,5,1,3,0,0.04658333333333334,0.5714285714285714,0.2,0.0
671922,FS,12,86.20833333333333,7.425,-0.7875,-0.2325,8,5,8,5,2,2,0.044833333333333336,0.625,0.625,1.0
678692,SL,12,87.10000000000001,6.4750000000000005,0.25333333333333335,0.42416666666666664,7,3,5,1,4,1,0.04283333333333333,0.42857142857142855,0.2,0.25
805123,CH,12,84.34166666666667,6.425,-1.4333333333333333,0.6616666666666667,6,2,8,2,3,1,0.04008333333333333,0.3333333333333333,0.25,0.3333333333333333
628317,FS,12,84.20833333333333,5.966666666666666,-0.9125,-0.17416666666666666,5,1,8,2,4,1,0.03766666666666666,0.2,0.25,0.25
621242,SL,12,88.175,7.191666666666666,0.11416666666666668,0.3016666666666667,3,3,6,2,0,0,0.03733333333333333,1.0,0.3333333333333333,
608718,SI,12,88.53333333333335,7.5,0.9874999999999999,1.0391666666666668,6,0,2,0,6,2,0.03666666666666666,0.0,0.0,0.3333333333333333
663574,SL,12,86.425,5.791666666666667,0.44250000000000006,0.27999999999999997,4,1,5,2,2,0,0.03183333333333333,0.25,0.4,0.0
685107,FF,12,94.00833333333333,6.0249999999999995,0.725,1.2458333333333333,6,1,5,0,5,1,0.030416666666666665,0.16666666666666666,0.0,0.2
681190,SI,12,93.05833333333334,6.125,-1.4633333333333332,1.0416666666666667,7,1,3,0,5,1,0.029583333333333336,0.14285714285714285,0.0,0.2
671131,FC,12,89.27499999999999,6.491666666666667,0.15666666666666668,0.6825,6,2,7,3,4,0,0.023499999999999993,0.3333333333333333,0.42857142857142855,0.0
643377,CH,12,92.125,6.458333333333333,-1.2166666666666666,0.1691666666666667,7,5,7,2,2,1,0.020333333333333335,0.7142857142857143,0.2857142857142857,0.5
621237,FC,12,94.125,6.675,0.04083333333333333,0.5750000000000001,7,5,8,4,2,1,0.014916666666666667,0.7142857142857143,0.5,0.5
605130,FF,12,92.97500000000001,6.666666666666667,-0.043333333333333335,0.83,4,2,7,1,1,0,0.014333333333333337,0.5,0.14285714285714285,0.0
656605,SI,12,92.75,6.266666666666667,-1.175,0.7591666666666667,3,1,5,0,2,0,0.014,0.3333333333333333,0.0,0.0
670280,CU,12,77.075,6.133333333333333,0.7733333333333333,-0.7691666666666667,0,0,7,0,0,0,0.012416666666666666,,0.0,
663947,FF,12,91.56666666666666,6.466666666666666,0.35833333333333334,1.4533333333333334,3,1,6,0,2,0,0.002833333333333334,0.3333333333333333,0.0,0.0
592662,KC,12,81.11666666666666,5.825,-0.08750000000000001,-0.43166666666666664,3,1,7,1,2,1,0.0012500000000000002,0.3333333333333333,0.14285714285714285,0.5
666171,FF,12,97.39166666666667,6.616666666666667,-0.32916666666666666,1.345,3,0,6,0,2,0,0.0011666666666666665,0.0,0.0,0.0
641778,CU,12,74.98333333333333,5.958333333333333,-0.7008333333333333,-0.7883333333333332,7,3,6,1,4,0,-0.008083333333333333,0.42857142857142855,0.16666666666666666,0.0
666661,FF,12,98.48333333333333,6.3999999999999995,-0.3066666666666667,1.3333333333333333,8,1,4,2,7,1,-0.010249999999999997,0.125,0.5,0.14285714285714285
681190,CH,12,87.51666666666667,6.083333333333333,-1.7025,0.5325,5,1,5,0,4,1,-0.01758333333333333,0.2,0.0,0.25
676702,SL,12,83.7,6.391666666666667,0.9316666666666666,0.01583333333333334,7,3,7,2,4,1,-0.024500000000000004,0.42857142857142855,0.2857142857142857,0.25
686753,SL,12,87.66666666666667,5.666666666666667,0.2783333333333333,0.15333333333333335,4,2,10,3,2,1,-0.02816666666666667,0.5,0.3,0.5
679885,FF,12,97.8,6.233333333333333,-1.11,0.9958333333333335,5,0,7,1,5,0,-0.0325,0.0,0.14285714285714285,0.0
674944,SI,12,90.45,6.316666666666666,1.065,0.45083333333333336,3,0,4,0,3,2,-0.04016666666666666,0.0,0.0,0.6666666666666666
657514,SI,12,91.825,5.908333333333334,1.5641666666666667,0.5208333333333334,7,1,5,2,5,0,-0.04108333333333333,0.14285714285714285,0.4,0.0
445926,FC,12,87.95833333333333,6.183333333333334,-0.16833333333333333,1.085,3,0,6,1,3,0,-0.04441666666666666,0.0,0.16666666666666666,0.0
518397,CH,12,83.14999999999999,6.375,0.635,0.25333333333333335,4,1,7,1,3,0,-0.054833333333333345,0.25,0.14285714285714285,0.0
663460,SL,12,85.5,6.8,-0.1625,0.11333333333333334,6,2,6,2,4,3,-0.05908333333333334,0.3333333333333333,0.3333333333333333,0.75
687473,ST,12,80.49166666666666,6.491666666666667,1.1966666666666665,0.21833333333333335,5,1,6,1,4,0,-0.064,0.2,0.16666666666666666,0.0
682243,SI,12,93.72500000000001,6.3,-1.2825,1.2316666666666667,1,0,10,0,1,1,-0.06766666666666667,0.0,0.0,1.0
592426,FF,12,94.13333333333333,6.808333333333334,-0.44916666666666666,1.5741666666666667,4,0,6,2,4,2,-0.07533333333333332,0.0,0.3333333333333333,0.5
695534,FF,12,96.125,6.233333333333333,-1.3858333333333333,1.0091666666666665,5,0,4,0,4,1,-0.07958333333333334,0.0,0.0,0.25
684320,SL,12,83.33333333333333,6.433333333333334,0.82,0.0625,6,2,5,1,4,1,-0.08274999999999999,0.3333333333333333,0.2,0.25
607481,ST,12,81.47500000000001,6.5,-1.2541666666666667,-0.06333333333333334,4,1,8,2,3,1,-0.10075,0.25,0.25,0.3333333333333333
608566,KC,12,87.2,5.658333333333334,0.0025,-0.03333333333333333,5,2,7,2,2,2,-0.10983333333333334,0.4,0.2857142857142857,1.0
670059,ST,12,83.3,6.408333333333334,0.9758333333333332,0.46416666666666667,7,1,6,2,6,2,-0.12941666666666665,0.14285714285714285,0.3333333333333333,0.3333333333333333
641778,FC,12,87.71666666666665,6.283333333333334,-0.005833333333333329,0.7975,6,2,7,1,4,1,-0.15025000000000002,0.3333333333333333,0.14285714285714285,0.25
671096,CH,12,83.23333333333333,6.3500000000000005,1.0708333333333333,0.6208333333333333,6,2,9,4,3,2,-0.1628333333333333,0.3333333333333333,0.4444444444444444,0.6666666666666666
656557,FS,12,88.35000000000001,5.925,-1.215,-0.19666666666666666,7,1,6,2,6,2,-0.22424999999999998,0.14285714285714285,0.3333333333333333,0.3333333333333333
650556,FF,11,97.71818181818183,6.681818181818182,-0.3790909090909091,1.471818181818182,7,5,6,3,2,0,0.09145454545454546,0.7142857142857143,0.5,0.0
666808,SL,11,90.13636363636364,6.4818181818181815,0.44272727272727275,-0.10090909090909089,9,3,7,5,5,1,0.08945454545454545,0.3333333333333333,0.7142857142857143,0.2
641302,FF,11,89.7909090909091,6.154545454545455,0.6663636363636364,1.3790909090909091,4,0,3,0,4,2,0.07427272727272727,0.0,0.0,0.5
701542,SI,11,93.16363636363636,6.672727272727272,-1.3363636363636362,0.31363636363636366,7,1,4,2,4,1,0.06518181818181819,0.14285714285714285,0.5,0.25
685801,SL,11,89.45454545454545,6.881818181818182,0.4327272727272727,0.2218181818181818,7,4,7,4,2,0,0.06345454545454544,0.5714285714285714,0.5714285714285714,0.0
678394,SI,11,94.8,6.363636363636363,-1.3681818181818182,0.3190909090909091,4,0,7,1,4,0,0.05881818181818182,0.0,0.14285714285714285,0.0
573204,ST,11,80.91818181818182,6.281818181818181,-1.3245454545454545,-0.06727272727272728,6,2,5,2,4,0,0.0559090909090909,0.3333333333333333,0.4,0.0
607625,SL,11,86.24545454545455,5.763636363636364,0.4018181818181818,0.15181818181818182,3,0,7,0,3,2,0.05118181818181819,0.0,0.0,0.6666666666666666
656849,CH,11,83.92727272727274,7.136363636363637,1.260909090909091,0.6618181818181819,7,2,4,2,5,1,0.04981818181818181,0.2857142857142857,0.5,0.2
663158,CH,11,89.19090909090909,6.763636363636365,-1.6754545454545455,0.58,5,1,6,1,3,1,0.048,0.2,0.16666666666666666,0.3333333333333333
621383,ST,11,82.68181818181819,5.718181818181818,-1.002727272727273,0.39,6,0,6,2,4,1,0.045181818181818184,0.0,0.3333333333333333,0.25
669854,CH,11,84.10000000000001,6.8,-1.1436363636363636,0.6981818181818181,8,5,4,1,3,0,0.042545454545454546,0.625,0.25,0.0
680729,SL,11,84.60909090909091,5.6454545454545455,-0.07818181818181819,-0.25,3,1,5,1,2,1,0.040363636363636365,0.3333333333333333,0.2,0.5
607625,CS,11,71.67272727272727,5.636363636363637,1.508181818181818,-0.24363636363636365,4,1,4,1,3,0,0.03918181818181818,0.25,0.25,0.0
607455,SI,11,95.81818181818181,6.2727272727272725,1.2945454545454547,0.8245454545454546,4,0,3,0,4,0,0.03890909090909091,0.0,0.0,0.0
657277,CH,11,86.54545454545455,6.9363636363636365,-1.0527272727272727,-0.5209090909090909,5,2,10,4,3,0,0.036272727272727276,0.4,0.4,0.0
682171,FF,11,87.82727272727273,6.4818181818181815,-0.21181818181818182,0.4763636363636364,4,2,6,2,2,0,0.03263636363636364,0.5,0.3333333333333333,0.0
669713,FC,11,87.68181818181819,6.754545454545454,0.32636363636363636,0.43636363636363634,5,1,4,1,4,0,0.0300909090909091,0.2,0.25,0.0
608331,CH,11,84.23636363636363,6.790909090909091,0.78,0.19636363636363638,3,1,7,1,2,0,0.029,0.3333333333333333,0.14285714285714285,0.0
682990,CU,11,80.17272727272727,6.336363636363637,0.37999999999999995,-0.8336363636363636,5,3,5,2,2,1,0.02781818181818182,0.6,0.4,0.5
676534,FF,11,95.30909090909091,5.845454545454545,-0.7945454545454546,1.288181818181818,5,2,5,1,3,1,0.026909090909090914,0.4,0.2,0.3333333333333333
608718,CH,11,77.83636363636364,7.290909090909091,0.7809090909090909,0.9445454545454546,6,2,7,2,4,1,0.026545454545454542,0.3333333333333333,0.2857142857142857,0.25
663372,ST,11,81.71818181818182,6.236363636363635,1.0618181818181818,-0.0018181818181818173,6,2,7,3,4,0,0.025636363636363645,0.3333333333333333,0.42857142857142855,0.0
642232,CH,11,78.22727272727273,6.218181818181819,1.5136363636363634,-0.27090909090909093,5,3,6,2,2,0,0.024,0.6,0.3333333333333333,0.0
668941,SI,11,93.38181818181819,5.3545454545454545,1.4454545454545455,0.06818181818181818,5,0,5,2,3,0,0.022272727272727267,0.0,0.4,0.0
702070,CH,11,81.08181818181818,6.054545454545454,0.9263636363636363,0.8945454545454545,4,1,7,1,3,0,0.021545454545454545,0.25,0.14285714285714285,0.0
674370,SL,11,86.31818181818181,6.027272727272727,0.4563636363636363,0.4872727272727273,4,1,7,2,2,0,0.019636363636363636,0.25,0.2857142857142857,0.0
700187,FF,11,96.80909090909091,6.163636363636363,-1.1763636363636363,1.2145454545454546,7,0,2,0,7,1,0.01554545454545454,0.0,0.0,0.14285714285714285
685107,ST,11,82.19090909090909,5.972727272727273,-0.9554545454545454,0.058181818181818175,4,0,7,2,3,0,0.014090909090909088,0.0,0.2857142857142857,0.0
676684,SI,11,96.60909090909091,6.427272727272728,-1.1972727272727273,1.0981818181818181,5,0,4,0,5,2,0.009909090909090909,0.0,0.0,0.4
671737,CU,11,81.18181818181819,6.336363636363637,0.3718181818181818,-1.298181818181818,3,1,8,1,2,1,0.008727272727272728,0.3333333333333333,0.125,0.5
805123,CU,11,78.54545454545455,6.4818181818181815,0.7181818181818183,-1.0563636363636364,4,1,9,2,3,2,0.008090909090909091,0.25,0.2222222222222222,0.6666666666666666
687606,CH,11,85.91818181818182,6.181818181818182,-0.4163636363636364,0.40090909090909094,3,1,11,3,2,0,0.0036363636363636346,0.3333333333333333,0.2727272727272727,0.0
682120,SL,11,87.49090909090908,6.454545454545454,-0.03727272727272728,0.20545454545454547,3,1,8,1,2,0,0.00018181818181818135,0.3333333333333333,0.125,0.0
608032,CH,11,87.95454545454545,6.390909090909091,-0.9009090909090909,0.730909090909091,7,1,6,2,6,2,-0.002272727272727272,0.14285714285714285,0.3333333333333333,0.3333333333333333
687064,FS,11,86.91818181818182,6.6909090909090905,-1.0427272727272727,0.5245454545454545,7,3,6,4,4,1,-0.0030000000000000027,0.42857142857142855,0.6666666666666666,0.25
686580,FC,11,94.33636363636364,6.890909090909091,0.1890909090909091,0.9409090909090909,4,1,3,1,3,1,-0.007272727272727272,0.25,0.3333333333333333,0.3333333333333333
623211,FF,11,95.96363636363635,5.909090909090909,-1.0572727272727274,1.1636363636363638,4,2,4,0,2,0,-0.008545454545454544,0.5,0.0,0.0
681190,FF,11,93.01818181818182,6.1,-0.879090909090909,1.4127272727272726,3,1,7,2,1,0,-0.008818181818181819,0.3333333333333333,0.2857142857142857,0.0
669199,FF,11,94.13636363636364,5.954545454545454,-0.7609090909090909,1.4863636363636366,9,1,3,2,6,3,-0.008909090909090906,0.1111111111111111,0.6666666666666666,0.5
676428,ST,11,82.46363636363637,5.9363636363636365,-0.979090909090909,0.11727272727272728,2,0,6,0,2,0,-0.009000000000000001,0.0,0.0,0.0
682120,CU,11,81.54545454545455,6.318181818181818,-1.0972727272727274,-0.2972727272727273,2,0,9,1,2,0,-0.00990909090909091,0.0,0.1111111111111111,0.0
672456,SL,11,84.32727272727273,6.318181818181818,0.8290909090909092,0.23909090909090908,6,0,6,1,3,2,-0.011999999999999995,0.0,0.16666666666666666,0.6666666666666666
607536,ST,11,83.94545454545454,6.654545454545455,-0.5490909090909091,-0.2127272727272727,7,1,5,2,5,1,-0.012454545454545456,0.14285714285714285,0.4,0.2
669422,SL,11,84.24545454545455,6.427272727272728,0.5427272727272727,-0.4036363636363637,7,1,5,2,6,1,-0.016090909090909093,0.14285714285714285,0.4,0.16666666666666666
547179,SL,11,84.3,5.918181818181818,0.25545454545454543,-0.2609090909090909,6,2,6,2,4,3,-0.016454545454545458,0.3333333333333333,0.3333333333333333,0.75
643361,FF,11,92.49090909090908,5.945454545454546,-0.5572727272727273,1.6590909090909092,4,1,6,1,3,2,-0.018363636363636363,0.25,0.16666666666666666,0.6666666666666666
605135,FS,11,83.69090909090909,6.554545454545454,-1.4863636363636366,-0.008181818181818177,1,0,11,1,1,0,-0.020272727272727272,0.0,0.09090909090909091,0.0
621345,FC,11,89.93636363636364,6.363636363636363,-0.38636363636363635,0.39909090909090916,3,1,7,0,2,0,-0.024181818181818183,0.3333333333333333,0.0,0.0
656605,CH,11,88.81818181818181,6.263636363636365,-1.1654545454545455,0.09,8,0,3,2,8,3,-0.027181818181818182,0.0,0.6666666666666666,0.375
607200,CH,11,87.38181818181819,6.590909090909091,-1.1372727272727272,0.17363636363636362,6,1,6,2,3,3,-0.033818181818181824,0.16666666666666666,0.3333333333333333,1.0
642100,FF,11,94.98181818181818,5.972727272727273,0.8672727272727273,1.3709090909090909,4,1,3,1,3,2,-0.0360909090909091,0.25,0.3333333333333333,0.6666666666666666
669467,KC,11,78.10909090909091,6.609090909090909,0.4336363636363636,-1.3981818181818182,0,0,10,0,0,0,-0.039363636363636365,,0.0,
657044,SL,11,77.45454545454545,6.763636363636365,1.1072727272727272,0.8936363636363637,6,0,6,3,6,2,-0.03945454545454546,0.0,0.5,0.3333333333333333
450203,FC,11,88.80909090909091,6.136363636363637,0.02454545454545455,0.6109090909090908,5,2,5,0,2,0,-0.042,0.4,0.0,0.0
623149,FF,11,91.0,6.718181818181819,-0.8927272727272727,1.139090909090909,5,1,5,1,3,1,-0.04509090909090909,0.2,0.2,0.3333333333333333
664854,SL,11,88.89999999999999,6.618181818181818,0.35000000000000003,0.23636363636363636,6,0,5,1,6,3,-0.048454545454545465,0.0,0.2,0.5
554430,SI,11,95.33636363636364,7.154545454545455,-1.481818181818182,0.6372727272727272,8,0,2,0,7,6,-0.0499090909090909,0.0,0.0,0.8571428571428571
678215,FS,11,82.89090909090909,6.163636363636363,-0.9154545454545455,0.3390909090909091,7,1,6,3,5,1,-0.05518181818181819,0.14285714285714285,0.5,0.2
450203,SI,11,94.23636363636363,6.1,-1.5781818181818181,0.3936363636363636,6,1,5,1,5,2,-0.0649090909090909,0.16666666666666666,0.2,0.4
596001,SL,11,82.55454545454546,5.963636363636363,1.0263636363636364,0.15636363636363637,7,2,5,2,5,2,-0.06509090909090909,0.2857142857142857,0.4,0.4
622608,CH,11,86.41818181818182,6.045454545454546,-0.33272727272727276,0.5172727272727272,3,0,8,2,3,0,-0.0699090909090909,0.0,0.25,0.0
592773,FS,11,90.03636363636363,6.236363636363635,-1.0218181818181817,0.2381818181818182,8,2,2,0,4,4,-0.07445454545454545,0.25,0.0,1.0
666214,FC,11,86.16363636363636,6.990909090909091,-0.18454545454545457,0.5854545454545454,3,1,6,1,2,1,-0.07609090909090908,0.3333333333333333,0.16666666666666666,0.5
606965,FF,11,90.67272727272727,6.127272727272728,-0.9681818181818183,1.5118181818181817,6,1,1,0,4,1,-0.08263636363636363,0.16666666666666666,0.0,0.25
592836,SL,11,82.96363636363637,5.9,0.4645454545454545,0.39272727272727276,8,1,5,2,7,2,-0.0849090909090909,0.125,0.4,0.2857142857142857
687362,FC,11,87.19090909090909,5.7,0.10363636363636365,0.7072727272727273,6,2,5,2,4,1,-0.09581818181818182,0.3333333333333333,0.4,0.25
594902,FC,11,84.46363636363637,6.818181818181818,-0.16363636363636364,1.0836363636363637,4,1,7,0,3,1,-0.10454545454545454,0.25,0.0,0.3333333333333333
678394,ST,11,85.35454545454546,6.136363636363637,0.9745454545454546,-0.16545454545454547,5,1,7,2,4,2,-0.11045454545454544,0.2,0.2857142857142857,0.5
664062,CU,11,80.25454545454545,5.681818181818182,0.5245454545454545,-1.0954545454545455,5,2,3,1,3,1,-0.12790909090909092,0.4,0.3333333333333333,0.3333333333333333
682990,FC,11,91.51818181818182,6.4,0.04818181818181817,1.049090909090909,5,0,6,0,5,1,-0.14072727272727273,0.0,0.0,0.2
621381,FF,11,91.94545454545454,6.245454545454546,1.290909090909091,1.4163636363636363,7,1,4,1,6,1,-0.17872727272727273,0.14285714285714285,0.25,0.16666666666666666
643338,SL,11,87.87272727272727,6.390909090909091,0.2427272727272727,0.34545454545454546,5,1,7,2,3,3,-0.20336363636363639,0.2,0.2857142857142857,1.0
681799,FC,11,90.84545454545454,6.445454545454546,0.20909090909090908,0.88,6,2,3,0,4,2,-0.20690909090909093,0.3333333333333333,0.0,0.5
688138,FF,10,92.52000000000001,5.9,-1.09,0.9359999999999999,7,2,2,0,5,1,0.10980000000000001,0.2857142857142857,0.0,0.2
542888,FF,10,93.5,6.75,-0.43200000000000005,1.3279999999999998,7,3,3,1,4,2,0.1005,0.42857142857142855,0.3333333333333333,0.5
641778,SL,10,82.69,6.220000000000001,-0.22200000000000003,0.173,5,1,5,1,4,0,0.09580000000000001,0.2,0.2,0.0
680729,SI,10,91.94,5.65,1.1320000000000001,0.45199999999999996,5,0,4,0,5,1,0.079,0.0,0.0,0.2
663554,SL,10,86.47999999999999,6.85,0.227,0.23500000000000001,4,1,2,0,3,1,0.0761,0.25,0.0,0.3333333333333333
700187,ST,10,84.18,5.9799999999999995,1.182,-0.403,4,1,7,2,3,0,0.0755,0.25,0.2857142857142857,0.0
656731,CU,10,80.97999999999999,6.909999999999999,0.8320000000000001,-1.129,4,1,6,2,3,0,0.0684,0.25,0.3333333333333333,0.0
670059,SI,10,97.67999999999999,6.44,-1.415,0.612,4,1,6,2,3,1,0.06639999999999999,0.25,0.3333333333333333,0.3333333333333333
669713,CU,10,75.11,6.709999999999999,0.93,-1.074,4,0,6,3,4,1,0.06470000000000001,0.0,0.5,0.25
608331,ST,10,80.64,6.29,-1.6510000000000002,-0.542,5,2,4,2,3,0,0.0598,0.4,0.5,0.0
663969,FF,10,93.97,6.3100000000000005,-0.4,0.851,6,0,5,1,6,1,0.057699999999999994,0.0,0.2,0.16666666666666666
605218,CU,10,79.22999999999999,6.62,0.512,-0.8370000000000001,4,2,4,1,2,1,0.055299999999999995,0.5,0.25,0.5
670955,CH,10,89.02000000000001,6.529999999999999,-1.579,0.179,4,1,7,2,3,1,0.0521,0.25,0.2857142857142857,0.3333333333333333
669093,FS,10,82.65,7.0200000000000005,-0.897,1.03,5,2,4,0,3,0,0.0516,0.4,0.0,0.0
676974,ST,10,85.65,6.25,0.9570000000000001,-0.352,2,0,3,0,2,1,0.0472,0.0,0.0,0.5
663465,CU,10,72.55,6.0200000000000005,-0.812,-1.145,6,0,4,1,6,1,0.0455,0.0,0.25,0.16666666666666666
573204,CU,10,75.32000000000001,6.42,-0.742,-1.266,4,3,4,0,1,0,0.044,0.75,0.0,0.0
668984,ST,10,79.96000000000001,6.67,1.012,0.619,4,2,6,1,2,0,0.0437,0.5,0.16666666666666666,0.0
592791,CH,10,84.66,6.7,-1.247,0.577,6,1,6,2,4,1,0.040600000000000004,0.16666666666666666,0.3333333333333333,0.25
663399,SI,10,90.47999999999999,6.2299999999999995,1.225,0.756,6,1,4,1,4,0,0.0324,0.16666666666666666,0.25,0.0
606160,FF,10,94.96000000000001,6.24,-0.739,1.155,2,2,6,0,0,0,0.032100000000000004,1.0,0.0,
673540,ST,10,80.59,6.3100000000000005,0.595,-0.10600000000000001,2,2,8,2,0,0,0.0294,1.0,0.25,
680689,FF,10,95.76,5.65,-0.7809999999999999,1.143,4,0,9,3,4,0,0.027299999999999998,0.0,0.3333333333333333,0.0
663767,SI,10,94.72,6.24,-1.115,0.756,5,2,1,0,3,1,0.0269,0.4,0.0,0.3333333333333333
688138,CH,10,86.03999999999999,5.890000000000001,-1.484,0.121,2,0,7,1,2,1,0.025,0.0,0.14285714285714285,0.5
607259,SL,10,84.41,5.890000000000001,0.11500000000000002,0.095,5,2,6,2,3,0,0.025,0.4,0.3333333333333333,0.0
676477,SL,10,84.31,7.1,0.199,-0.496,2,0,4,0,2,0,0.0248,0.0,0.0,0.0
676130,SL,10,86.21000000000001,6.33,0.161,0.1,6,5,7,5,1,0,0.0242,0.8333333333333334,0.7142857142857143,0.0
594798,CU,10,79.3,6.5,0.8779999999999999,-0.358,3,1,2,0,1,0,0.020399999999999998,0.3333333333333333,0.0,0.0
694335,ST,10,86.7,6.5600000000000005,0.883,0.13599999999999998,4,2,8,3,1,0,0.0198,0.5,0.375,0.0
656240,SL,10,83.09,7.07,0.19,-0.223,6,5,4,1,1,1,0.016500000000000004,0.8333333333333334,0.25,1.0
657097,CH,10,85.14,6.45,-1.415,0.818,5,2,7,3,3,0,0.0163,0.4,0.42857142857142855,0.0
518876,SL,10,85.7,6.09,0.035,0.313,3,1,7,0,2,0,0.016,0.3333333333333333,0.0,0.0
656641,FF,10,93.72,6.63,0.653,1.6800000000000002,7,1,2,0,6,2,0.015099999999999992,0.14285714285714285,0.0,0.3333333333333333
676092,FC,10,87.01,6.11,0.457,-0.06499999999999999,8,1,2,1,6,3,0.014999999999999994,0.125,0.5,0.5
684320,FS,10,88.51,6.779999999999999,-1.331,0.438,3,0,6,1,2,0,0.013799999999999998,0.0,0.16666666666666666,0.0
641927,SL,10,83.92,7.359999999999999,0.344,0.472,6,0,2,0,6,2,0.012799999999999992,0.0,0.0,0.3333333333333333
669194,SL,10,84.56,6.74,0.44400000000000006,-0.31,5,0,6,1,3,0,0.0093,0.0,0.16666666666666666,0.0
663399,ST,10,78.53999999999999,6.6,-1.402,0.449,4,1,3,1,3,0,0.007600000000000001,0.25,0.3333333333333333,0.0
663767,ST,10,80.86,6.15,1.409,0.14300000000000002,5,1,7,2,4,2,0.0073999999999999995,0.2,0.2857142857142857,0.5
663903,ST,10,80.89,6.56,0.6519999999999999,0.072,2,0,5,0,2,1,0.0058000000000000005,0.0,0.0,0.5
608331,CU,10,76.67999999999999,6.470000000000001,-1.0550000000000002,-1.512,4,0,4,1,4,0,0.0010999999999999957,0.0,0.25,0.0
521230,FF,10,95.05,7.13,-0.675,1.5550000000000002,6,1,7,3,5,0,4.8572257327350596e-18,0.16666666666666666,0.42857142857142855,0.0
601713,FC,10,89.3,6.7,0.492,0.712,1,0,5,1,1,0,-0.00039999999999999964,0.0,0.2,0.0
592866,CH,10,81.78999999999999,7.029999999999999,-1.1640000000000001,0.298,1,0,8,0,1,0,-0.0037000000000000006,0.0,0.0,0.0
663436,SL,10,89.52000000000001,6.18,-0.048,0.585,3,0,5,1,2,0,-0.006799999999999998,0.0,0.2,0.0
615698,SL,10,84.59,6.24,0.327,-0.030999999999999993,6,2,6,3,4,1,-0.007800000000000004,0.3333333333333333,0.5,0.25
680951,CU,10,78.55,7.109999999999999,-0.975,-1.0,3,1,4,0,1,1,-0.008100000000000003,0.3333333333333333,0.0,1.0
621242,FF,10,97.17999999999999,7.290000000000001,-0.9620000000000001,1.306,4,2,6,2,2,0,-0.008299999999999998,0.5,0.3333333333333333,0.0
622253,CH,10,83.52000000000001,6.409999999999999,-1.1199999999999999,-0.193,6,0,5,1,5,2,-0.009400000000000002,0.0,0.2,0.4
650633,SL,10,83.09,5.9399999999999995,0.335,-0.10700000000000001,3,1,8,2,2,1,-0.0116,0.3333333333333333,0.25,0.5
664854,FF,10,98.15,6.65,-0.33,1.384,5,0,7,2,4,1,-0.012600000000000005,0.0,0.2857142857142857,0.25
607259,CU,10,79.1,5.930000000000001,0.122,-1.4,5,2,6,1,3,1,-0.014300000000000002,0.4,0.16666666666666666,0.3333333333333333
687765,SL,10,84.46000000000001,6.44,1.095,0.087,4,2,4,0,2,1,-0.016699999999999996,0.5,0.0,0.5
669387,SL,10,87.69,6.25,0.255,0.146,4,0,4,1,3,2,-0.017099999999999997,0.0,0.25,0.6666666666666666
660787,CH,10,87.7,6.45,-1.388,-0.007999999999999998,6,1,4,1,5,2,-0.019200000000000005,0.16666666666666666,0.25,0.4
657240,FF,10,95.55,6.49,-0.44399999999999995,1.373,4,0,5,1,4,2,-0.022300000000000004,0.0,0.2,0.5
669060,CH,10,86.61,6.42,-1.516,0.46900000000000003,2,0,7,0,1,0,-0.023799999999999998,0.0,0.0,0.0
641329,CH,10,84.47999999999999,6.3,-1.266,0.681,4,3,4,0,1,0,-0.025500000000000002,0.75,0.0,0.0
670059,FF,10,97.91,6.42,-0.833,1.197,6,1,3,0,5,2,-0.027500000000000004,0.16666666666666666,0.0,0.4
571948,ST,10,78.59,6.62,-1.1960000000000002,0.045,6,0,5,1,6,0,-0.027600000000000003,0.0,0.2,0.0
641755,FF,10,95.37,5.58,-0.157,1.065,2,0,4,0,1,0,-0.035699999999999996,0.0,0.0,0.0
663436,ST,10,83.91,6.07,0.732,0.32599999999999996,4,1,6,1,3,1,-0.0364,0.25,0.16666666666666666,0.3333333333333333
571945,CH,10,84.88,6.33,-1.2870000000000001,0.5469999999999999,5,0,2,1,5,2,-0.03710000000000001,0.0,0.5,0.4
594798,CH,10,89.81,6.95,-1.16,0.31,5,4,7,2,1,1,-0.0397,0.8,0.2857142857142857,1.0
806185,FF,10,94.85,6.42,-0.404,1.6059999999999999,8,2,3,1,6,1,-0.042699999999999995,0.25,0.3333333333333333,0.16666666666666666
677020,FF,10,93.42,7.18,0.162,1.278,4,1,5,1,2,2,-0.0466,0.25,0.2,1.0
681982,SI,10,92.13,6.45,-1.562,0.06599999999999999,2,0,5,0,2,2,-0.055400000000000005,0.0,0.0,1.0
668909,ST,10,86.88,7.08,0.869,-0.005,3,1,5,0,2,0,-0.05619999999999999,0.3333333333333333,0.0,0.0
641745,SL,10,87.09,5.880000000000001,0.496,-0.077,4,0,3,0,4,0,-0.0646,0.0,0.0,0.0
571510,CU,10,75.2,6.18,-1.028,-0.8550000000000001,4,1,5,1,3,1,-0.0677,0.25,0.2,0.3333333333333333
672578,SL,10,87.34,6.87,0.10800000000000001,0.24100000000000002,5,2,4,1,3,2,-0.1031,0.4,0.25,0.6666666666666666
669093,SL,10,87.75,6.790000000000001,0.288,0.13399999999999998,7,4,5,4,3,1,-0.1165,0.5714285714285714,0.8,0.3333333333333333
663559,SI,10,91.63,7.1,0.6479999999999999,1.427,5,0,7,4,5,2,-0.1648,0.0,0.5714285714285714,0.4
672582,FF,10,96.12,5.75,0.86,0.944,3,1,6,1,2,1,-0.269,0.3333333333333333,0.16666666666666666,0.5
672582,SI,9,96.52222222222223,5.722222222222222,1.3644444444444443,0.3222222222222222,3,1,3,1,2,1,0.12177777777777779,0.3333333333333333,0.3333333333333333,0.5
670955,FF,9,93.4,6.111111111111111,-1.2011111111111112,1.2122222222222223,4,2,5,2,2,1,0.09133333333333332,0.5,0.4,0.5
547973,SI,9,101.04444444444444,7.300000000000001,1.0077777777777779,1.508888888888889,6,3,4,2,3,0,0.091,0.5,0.5,0.0
680742,SL,9,85.35555555555555,6.722222222222222,0.4222222222222222,-0.2411111111111111,4,2,6,3,2,0,0.08088888888888889,0.5,0.5,0.0
660787,FF,9,94.21111111111111,6.544444444444444,-1.4155555555555557,1.0744444444444445,3,0,2,0,3,1,0.07477777777777778,0.0,0.0,0.3333333333333333
621053,FF,9,94.77777777777777,6.088888888888889,-0.7744444444444445,1.1788888888888889,5,1,4,1,4,1,0.07344444444444445,0.2,0.25,0.25
665795,FF,9,96.87777777777778,6.455555555555556,-0.77,1.1144444444444443,3,1,4,0,2,2,0.07,0.3333333333333333,0.0,1.0
680742,SI,9,96.53333333333333,6.822222222222222,-1.1244444444444446,1.0455555555555556,4,0,6,2,4,0,0.06666666666666667,0.0,0.3333333333333333,0.0
692285,FF,9,96.1,5.688888888888889,-0.8277777777777778,1.3022222222222224,6,2,5,3,4,1,0.06288888888888888,0.3333333333333333,0.6,0.25
661395,FS,9,97.83333333333333,6.166666666666667,-1.0477777777777777,-0.08888888888888889,5,2,6,3,2,0,0.059555555555555556,0.4,0.5,0.0
621051,FF,9,93.64444444444445,6.655555555555555,-0.4933333333333334,1.691111111111111,5,1,2,0,4,1,0.058333333333333334,0.2,0.0,0.25
689690,FF,9,85.97777777777777,7.388888888888889,-1.051111111111111,1.2155555555555555,5,3,3,1,1,0,0.058,0.6,0.3333333333333333,0.0
518585,FF,9,93.93333333333334,7.011111111111111,-0.5677777777777778,1.5233333333333334,0,0,6,0,0,0,0.05244444444444444,,0.0,
669461,CU,9,77.47777777777777,6.455555555555556,-0.9744444444444444,-1.488888888888889,3,2,6,2,1,0,0.04633333333333333,0.6666666666666666,0.3333333333333333,0.0
693821,CH,9,86.15555555555555,5.855555555555556,-0.7633333333333333,0.4066666666666667,3,0,6,0,3,3,0.044111111111111115,0.0,0.0,1.0
687606,SL,9,85.41111111111111,6.199999999999999,0.43444444444444447,0.46222222222222226,3,0,5,0,2,0,0.042333333333333334,0.0,0.0,0.0
670167,FF,9,94.82222222222222,6.677777777777778,-1.01,0.9099999999999999,3,2,4,0,1,1,0.04188888888888889,0.6666666666666666,0.0,1.0
702070,SL,9,82.83333333333333,5.955555555555556,-0.21444444444444444,-0.06555555555555556,4,1,3,1,3,1,0.04111111111111111,0.25,0.3333333333333333,0.3333333333333333
687765,CU,9,82.1888888888889,6.4,0.8433333333333333,-0.8666666666666667,6,1,5,2,4,1,0.037333333333333336,0.16666666666666666,0.4,0.25
592866,SL,9,79.88888888888889,6.844444444444445,0.5577777777777777,0.26333333333333336,2,0,6,0,1,0,0.036555555555555556,0.0,0.0,0.0
608379,CU,9,76.52222222222223,6.544444444444444,1.0922222222222222,-1.1022222222222222,3,1,8,2,2,1,0.03477777777777777,0.3333333333333333,0.25,0.5
607625,SI,9,92.0,6.088888888888889,-1.231111111111111,0.7677777777777778,1,0,3,0,1,0,0.03277777777777777,0.0,0.0,0.0
669717,CH,9,57.08888888888888,3.611111111111111,-1.017777777777778,1.5233333333333332,5,0,5,1,5,2,0.03155555555555556,0.0,0.2,0.4
642585,FS,9,90.01111111111112,6.800000000000001,-0.7677777777777778,0.8666666666666667,4,2,7,3,2,0,0.02388888888888889,0.5,0.42857142857142855,0.0
676961,SL,9,85.5,5.944444444444445,0.31222222222222223,0.3666666666666667,3,2,6,2,1,1,0.02355555555555556,0.6666666666666666,0.3333333333333333,1.0
676979,CH,9,88.04444444444444,6.777777777777778,1.3366666666666667,0.7022222222222223,3,2,9,3,1,0,0.022222222222222223,0.6666666666666666,0.3333333333333333,0.0
608717,SL,9,85.6,6.444444444444445,0.48777777777777787,-0.15888888888888889,6,2,5,4,4,0,0.016888888888888894,0.3333333333333333,0.8,0.0
554431,SL,9,83.95555555555556,6.3,-0.5644444444444444,-0.5822222222222222,3,1,8,2,2,0,0.015444444444444443,0.3333333333333333,0.25,0.0
673540,SI,9,89.13333333333334,6.366666666666666,-1.3622222222222222,0.6222222222222222,5,0,5,2,4,1,0.00966666666666667,0.0,0.4,0.25
694335,FC,9,90.43333333333334,6.577777777777778,0.31555555555555553,0.4311111111111111,3,0,6,1,3,0,0.008999999999999998,0.0,0.16666666666666666,0.0
694738,CH,9,86.33333333333333,6.166666666666667,-1.6144444444444446,-0.09222222222222222,2,0,7,1,2,1,0.00788888888888889,0.0,0.14285714285714285,0.5
596001,CH,9,85.27777777777777,6.033333333333333,-0.9777777777777779,0.2733333333333333,2,0,4,0,2,0,0.0045555555555555445,0.0,0.0,0.0
455119,SI,9,94.82222222222222,6.677777777777778,-1.2455555555555557,0.9488888888888888,5,2,4,1,3,1,0.004111111111111111,0.4,0.25,0.3333333333333333
672456,KC,9,77.65555555555555,6.277777777777778,0.9655555555555557,-1.0611111111111111,4,0,5,1,3,0,0.003888888888888886,0.0,0.2,0.0
694037,SL,9,86.73333333333333,6.655555555555555,0.22111111111111112,0.2688888888888889,1,0,5,0,1,0,0.002666666666666669,0.0,0.0,0.0
687863,FF,9,95.69999999999999,7.344444444444444,0.0,1.2144444444444444,3,0,2,0,2,0,0.00033333333333333365,0.0,0.0,0.0
543294,FF,9,86.44444444444444,5.444444444444445,-0.43444444444444447,1.3111111111111111,3,0,5,1,3,0,-0.002555555555555556,0.0,0.2,0.0
601713,CU,9,79.07777777777778,6.7444444444444445,0.6211111111111111,-1.3522222222222222,3,0,6,3,3,0,-0.003777777777777778,0.0,0.5,0.0
543056,FF,9,90.27777777777777,5.922222222222222,-0.034444444444444444,1.2177777777777776,7,4,4,2,3,0,-0.007777777777777778,0.5714285714285714,0.5,0.0
605280,FC,9,89.44444444444444,5.977777777777778,-0.006666666666666666,0.41,3,1,4,0,1,1,-0.025555555555555554,0.3333333333333333,0.0,1.0
592779,CH,9,90.2,6.555555555555555,-1.1266666666666667,0.15666666666666665,2,1,7,1,1,0,-0.02655555555555556,0.5,0.14285714285714285,0.0
663687,CU,9,73.3111111111111,6.355555555555556,-0.7566666666666667,-1.5777777777777777,4,1,4,0,3,1,-0.03022222222222222,0.25,0.0,0.3333333333333333
656546,FS,9,91.36666666666666,6.777777777777778,-1.2233333333333334,0.2711111111111111,4,1,4,0,3,1,-0.040333333333333325,0.25,0.0,0.3333333333333333
445926,SI,9,89.36666666666666,6.199999999999999,-1.3211111111111111,0.6411111111111111,4,0,4,2,4,2,-0.0408888888888889,0.0,0.5,0.5
664208,SI,9,89.42222222222222,7.0,-1.3822222222222222,0.4411111111111111,3,1,4,0,2,1,-0.04800000000000001,0.3333333333333333,0.0,0.5
607625,SV,9,80.8,5.711111111111111,1.4077777777777778,-0.2611111111111111,4,0,3,0,4,1,-0.04911111111111111,0.0,0.0,0.25
657571,FF,9,93.15555555555555,6.300000000000001,0.32333333333333336,1.3366666666666667,4,0,2,0,4,1,-0.05311111111111111,0.0,0.0,0.25
669199,ST,9,85.06666666666666,5.822222222222222,1.1011111111111112,-0.2555555555555556,3,1,7,1,2,0,-0.059555555555555556,0.3333333333333333,0.14285714285714285,0.0
663372,CU,9,78.6,6.2444444444444445,0.8477777777777777,-0.8588888888888889,6,2,5,3,4,2,-0.05988888888888888,0.3333333333333333,0.6,0.5
666214,CU,9,79.65555555555555,7.1,-0.5644444444444444,-0.4855555555555556,4,1,7,3,3,0,-0.08588888888888889,0.25,0.42857142857142855,0.0
670102,CU,9,73.91111111111111,6.433333333333334,1.3444444444444443,-0.7322222222222222,4,1,3,0,3,1,-0.087,0.25,0.0,0.3333333333333333
650556,SL,9,87.3111111111111,6.544444444444444,0.6666666666666666,-0.5911111111111111,3,0,5,0,3,2,-0.08911111111111111,0.0,0.0,0.6666666666666666
694297,CH,9,86.82222222222222,6.699999999999999,-1.238888888888889,0.3888888888888889,4,0,5,1,3,2,-0.12177777777777779,0.0,0.2,0.6666666666666666
664991,SI,9,95.52222222222223,6.111111111111111,1.248888888888889,0.9122222222222223,3,0,6,2,3,0,-0.1257777777777778,0.0,0.3333333333333333,0.0
676092,ST,9,82.35555555555555,6.233333333333333,1.24,0.2255555555555556,3,0,5,0,2,1,-0.13866666666666666,0.0,0.0,0.5
680885,SI,9,94.93333333333334,6.955555555555556,-1.2522222222222221,0.7122222222222222,5,0,1,0,5,4,-0.17244444444444446,0.0,0.0,0.8
669372,SI,9,92.6,6.711111111111111,-1.3122222222222222,0.1288888888888889,4,0,5,1,4,2,-0.1731111111111111,0.0,0.2,0.5
607536,FC,9,87.65555555555555,6.699999999999999,0.026666666666666665,0.5433333333333333,4,0,4,0,4,2,-0.17533333333333334,0.0,0.0,0.5
621111,ST,9,79.43333333333334,6.7555555555555555,1.6,-0.03555555555555556,7,2,4,2,5,1,-0.23244444444444445,0.2857142857142857,0.5,0.2
641656,SI,8,94.7125,5.575,-1.3975,0.5475,6,0,4,3,5,1,0.158625,0.0,0.75,0.2
608379,FC,8,88.375,6.6875,0.16875,0.76625,5,0,2,0,5,2,0.142375,0.0,0.0,0.4
669203,CH,8,88.0875,6.7625,-1.345,0.6275,6,2,4,2,4,1,0.124,0.3333333333333333,0.5,0.25
679358,FS,8,84.475,6.95,-1.27,0.00375,8,2,1,1,6,1,0.102625,0.25,1.0,0.16666666666666666
676508,CU,8,81.6125,5.7375,0.87625,-1.28,4,1,2,0,3,0,0.089,0.25,0.0,0.0
670167,FC,8,91.2875,6.4625,-0.02,0.6425,7,1,4,4,6,2,0.08775,0.14285714285714285,1.0,0.3333333333333333
663767,FC,8,89.525,6.125,0.37875000000000003,0.5675,6,2,2,1,3,0,0.08275,0.3333333333333333,0.5,0.0
641656,SL,8,88.4625,5.45,0.036250000000000004,0.48,5,5,5,3,0,0,0.079625,1.0,0.6,
678394,FF,8,94.325,6.2875,-0.53375,0.9775,3,0,4,0,3,0,0.0795,0.0,0.0,0.0
605347,SI,8,94.6875,6.5125,-1.3775,0.66625,3,1,5,2,2,1,0.077625,0.3333333333333333,0.4,0.5
657571,SI,8,92.65,6.4,1.22125,1.0037500000000001,3,0,4,1,3,0,0.077125,0.0,0.25,0.0
668820,SL,8,88.9375,6.637499999999999,0.445,0.40625,6,1,3,1,5,3,0.0745,0.16666666666666666,0.3333333333333333,0.6
614179,SI,8,95.0375,6.1125,-1.17,1.095,6,1,3,2,4,0,0.0665,0.16666666666666666,0.6666666666666666,0.0
686613,SL,8,91.95,6.675,0.32625,0.4825,3,0,4,1,2,1,0.066125,0.0,0.25,0.5
685107,SL,8,86.95,6.1,-0.21,0.255,4,1,4,1,3,1,0.065875,0.25,0.25,0.3333333333333333
657612,FF,8,89.6,6.625,1.5225,0.2575,4,1,4,1,3,0,0.06425,0.25,0.25,0.0
605452,SI,8,93.60000000000001,6.8625,-1.10875,0.80875,4,0,1,0,4,1,0.059750000000000004,0.0,0.0,0.25
669438,FF,8,93.775,6.1125,-0.77625,1.3975,3,0,4,0,3,2,0.05499999999999999,0.0,0.0,0.6666666666666666
682243,SL,8,84.275,6.3125,0.3075,0.0875,5,2,3,1,3,0,0.0505,0.4,0.3333333333333333,0.0
676680,FF,8,88.9125,5.7875,0.355,0.91125,5,1,4,1,4,1,0.047875,0.2,0.25,0.25
670280,FS,8,92.45,6.65,-0.5975,0.42125,7,2,3,2,4,3,0.047625,0.2857142857142857,0.6666666666666666,0.75
656240,FS,8,84.2125,7.0874999999999995,-0.4975,0.19625,4,3,7,3,1,0,0.0465,0.75,0.42857142857142855,0.0
681857,CU,8,80.1625,5.775,0.785,-1.24625,4,4,7,4,0,0,0.045625000000000006,1.0,0.5714285714285714,
669062,SL,8,85.8625,6.5875,-0.9975,-0.1175,3,3,7,3,0,0,0.041625,1.0,0.42857142857142855,
547179,ST,8,83.125,5.95,1.0025,0.025,5,1,4,2,4,1,0.041375,0.2,0.5,0.25
621345,FF,8,95.2875,6.475,0.42375,1.4825,2,1,2,1,1,0,0.041375,0.5,0.5,0.0
656849,FF,8,92.05,7.3375,0.47375,1.24,5,1,3,1,4,0,0.04075,0.2,0.3333333333333333,0.0
687473,CH,8,86.8125,6.2875,-1.315,0.73375,5,1,5,2,4,0,0.0395,0.2,0.4,0.0
621363,SL,8,83.4,7.3125,-0.545,0.27749999999999997,4,0,4,0,3,0,0.035375,0.0,0.0,0.0
641302,SI,8,89.9625,6.3375,1.3375,0.80625,4,0,3,1,3,0,0.03425,0.0,0.3333333333333333,0.0
660896,FF,8,97.6,6.025,-0.6699999999999999,1.47375,5,2,6,4,2,0,0.0335,0.4,0.6666666666666666,0.0
592791,CU,8,80.525,6.725,0.875,-0.6074999999999999,5,0,4,2,5,3,0.0325,0.0,0.5,0.6
680732,SI,8,93.225,6.8,-1.21375,1.295,3,0,5,1,2,0,0.032,0.0,0.2,0.0
675848,ST,8,83.55,5.9875,1.3275,-0.14250000000000002,2,0,2,0,2,1,0.031625,0.0,0.0,0.5
682052,FC,8,86.6125,6.975,0.1325,0.91,4,1,4,1,3,0,0.029875,0.25,0.25,0.0
657585,SI,8,95.7125,6.0,-1.32625,0.67375,4,0,3,1,3,1,0.028,0.0,0.3333333333333333,0.3333333333333333
543056,ST,8,80.15,5.725,-1.275,-0.37374999999999997,3,0,5,2,3,0,0.027375,0.0,0.4,0.0
605347,SL,8,85.875,6.3,0.61875,0.16375,3,0,4,1,3,1,0.02725,0.0,0.25,0.3333333333333333
518585,SI,8,92.5125,7.0125,-1.19375,1.1225,3,0,4,1,3,1,0.025750000000000002,0.0,0.25,0.3333333333333333
571771,CS,8,49.5,4.1625,1.4124999999999999,1.53875,3,0,4,1,3,0,0.023,0.0,0.25,0.0
701121,ST,8,82.95,6.625,0.7837500000000001,0.77375,4,0,2,0,4,2,0.020624999999999998,0.0,0.0,0.5
605130,CU,8,79.25,6.6125,1.42125,-0.78125,3,1,5,1,1,0,0.020375,0.3333333333333333,0.2,0.0
605347,KC,8,81.8375,6.2625,0.6737500000000001,-1.09,5,0,2,1,4,0,0.018625,0.0,0.5,0.0
592791,SI,8,92.275,6.8125,-1.19,1.125,5,0,4,2,5,2,0.018249999999999995,0.0,0.5,0.4
641745,ST,8,85.8875,5.8875,1.2525,0.305,2,2,8,2,0,0,0.017875000000000002,1.0,0.25,
671131,SL,8,85.5125,6.425,0.09125,0.015,4,3,6,3,0,0,0.017749999999999995,0.75,0.5,
670102,SL,8,81.5625,6.5,0.4975,-0.16125,5,2,4,2,3,2,0.016125000000000004,0.4,0.5,0.6666666666666666
680885,FC,8,93.8875,6.875,-0.0175,1.0275,5,2,2,1,3,0,0.014374999999999995,0.4,0.5,0.0
669276,FF,8,93.95,6.1875,0.70875,1.645,2,0,4,0,2,0,0.011249999999999996,0.0,0.0,0.0
607067,CU,8,80.1625,6.575,1.0025,-0.715,2,0,6,1,2,0,0.003374999999999998,0.0,0.16666666666666666,0.0
656457,FS,8,82.3125,6.1,1.02625,0.265,2,0,6,0,2,1,0.002499999999999998,0.0,0.0,0.5
643410,CU,8,74.125,6.5375,0.72875,-1.49,4,1,3,1,3,1,-0.008000000000000004,0.25,0.3333333333333333,0.3333333333333333
663554,SV,8,84.91250000000001,6.9,0.3775,-0.10625,1,1,7,1,0,0,-0.011625000000000002,1.0,0.14285714285714285,
680732,CH,8,86.5125,7.0125,-1.255,0.83625,3,2,6,1,1,0,-0.015250000000000001,0.6666666666666666,0.16666666666666666,0.0
622663,CH,8,84.7375,6.4625,-1.15125,0.52125,3,1,5,1,2,0,-0.015625,0.3333333333333333,0.2,0.0
669713,SI,8,90.6375,6.800000000000001,-1.09,0.62125,2,1,6,1,1,1,-0.020749999999999998,0.5,0.16666666666666666,1.0
656731,CH,8,89.2625,7.0,-1.34875,0.10750000000000001,5,1,3,1,4,2,-0.021625000000000002,0.2,0.3333333333333333,0.5
808967,FC,8,90.725,6.2125,0.3225,0.77625,4,1,2,0,3,0,-0.026250000000000002,0.25,0.0,0.0
518876,CU,8,82.6625,6.0,0.5175,-0.6375000000000001,4,0,2,1,4,1,-0.034999999999999996,0.0,0.5,0.25
686799,CH,8,88.325,6.45,-0.67625,0.4325,2,0,4,0,2,0,-0.037625000000000006,0.0,0.0,0.0
684974,ST,8,75.5625,6.5625,1.615,-0.8,5,1,5,2,4,0,-0.03900000000000001,0.2,0.4,0.0
663947,SI,8,91.175,6.3875,1.2825,0.725,4,1,3,0,2,1,-0.041874999999999996,0.25,0.0,0.5
605218,FF,8,92.875,6.7375,0.09125,1.5375,5,0,3,1,4,1,-0.04675,0.0,0.3333333333333333,0.25
808967,SI,8,94.85,6.2625,-1.19,0.9875,4,0,4,0,4,2,-0.050625,0.0,0.0,0.5
657585,FC,8,91.6,6.0625,0.36625,0.52125,1,0,5,0,1,1,-0.052375,0.0,0.0,1.0
665152,SI,8,92.675,6.3125,-1.23125,1.00875,1,0,5,0,1,0,-0.056874999999999995,0.0,0.0,0.0
607455,FF,8,95.925,6.2125,0.905,1.21625,5,0,2,1,5,2,-0.07100000000000001,0.0,0.5,0.4
678020,SL,8,90.675,6.9,0.175,0.16,4,1,6,2,3,1,-0.07250000000000001,0.25,0.3333333333333333,0.3333333333333333
621381,SI,8,92.075,6.2625,1.43875,1.07,2,0,4,0,2,2,-0.0875,0.0,0.0,1.0
666974,CH,8,92.2375,5.9,-1.5175,0.19625,5,2,5,2,3,0,-0.103375,0.4,0.4,0.0
673929,FF,8,97.05,6.825,-0.47625,1.6925,3,0,3,0,3,1,-0.1395,0.0,0.0,0.3333333333333333
682120,FF,8,94.1,6.475,0.7025,1.1125,5,1,1,0,3,3,-0.167875,0.2,0.0,1.0
671106,ST,8,78.0875,6.5125,-1.12625,0.27749999999999997,2,0,7,2,2,0,-0.169125,0.0,0.2857142857142857,0.0
665795,SL,8,88.675,6.4125,0.205,0.185,5,1,2,0,4,1,-0.1805,0.2,0.0,0.25
700363,SL,8,86.35,7.05,0.255,0.48875,4,0,4,2,3,1,-0.24375000000000002,0.0,0.5,0.3333333333333333
663947,ST,8,79.575,6.325,-1.60375,-0.1,2,1,4,0,1,1,-0.306625,0.5,0.0,1.0
673929,SL,7,87.81428571428572,6.785714285714286,0.5657142857142857,0.5528571428571428,6,3,3,3,2,0,0.11699999999999999,0.5,1.0,0.0
605447,SL,7,85.65714285714286,7.4142857142857155,0.10571428571428572,-0.09571428571428572,5,2,2,1,3,1,0.10771428571428572,0.4,0.5,0.3333333333333333
692285,SL,7,85.38571428571429,5.6,0.3485714285714286,-0.19714285714285712,6,3,4,3,3,2,0.10585714285714286,0.5,0.75,0.6666666666666666
622554,CU,7,83.97142857142856,6.542857142857143,0.5257142857142857,-0.8928571428571429,3,0,2,0,3,1,0.10185714285714287,0.0,0.0,0.3333333333333333
681190,ST,7,80.8,6.028571428571429,1.1714285714285713,0.1457142857142857,5,0,1,0,4,2,0.09957142857142857,0.0,0.0,0.5
694973,SI,7,97.18571428571428,6.271428571428571,-1.56,0.44857142857142857,2,0,2,0,2,1,0.09014285714285715,0.0,0.0,0.5
621366,SL,7,85.87142857142858,6.442857142857143,-0.11285714285714286,0.11142857142857143,3,1,3,0,2,1,0.08542857142857142,0.3333333333333333,0.0,0.5
669713,CH,7,84.7,6.8428571428571425,-1.2957142857142858,0.3614285714285715,3,1,4,1,2,1,0.0717142857142857,0.3333333333333333,0.25,0.5
543135,SI,7,93.35714285714286,6.871428571428572,-1.467142857142857,0.7271428571428571,6,1,1,1,5,1,0.07085714285714285,0.16666666666666666,1.0,0.2
663969,FS,7,87.91428571428571,6.671428571428572,-0.9471428571428572,0.37714285714285717,4,0,5,2,3,0,0.06999999999999999,0.0,0.4,0.0
668941,ST,7,83.25714285714285,5.285714285714286,-0.96,-0.007142857142857141,3,2,4,2,1,0,0.06899999999999999,0.6666666666666666,0.5,0.0
572955,FF,7,94.64285714285714,5.757142857142857,-0.8571428571428571,1.0085714285714285,2,0,3,1,2,0,0.06514285714285714,0.0,0.3333333333333333,0.0
607625,FC,7,90.47142857142856,5.8999999999999995,0.16714285714285712,0.9571428571428572,4,2,3,0,2,1,0.06328571428571429,0.5,0.0,0.5
642232,FC,7,84.95714285714287,6.0,0.06142857142857143,0.7842857142857144,3,0,3,0,3,0,0.05771428571428572,0.0,0.0,0.0
688138,CU,7,81.65714285714286,5.9,1.1300000000000001,-0.6857142857142857,5,1,3,1,4,1,0.054142857142857145,0.2,0.3333333333333333,0.25
674444,FF,7,96.85714285714286,6.685714285714285,-0.7128571428571429,1.4514285714285715,5,3,3,1,2,1,0.05257142857142857,0.6,0.3333333333333333,0.5
669721,FS,7,86.22857142857143,6.728571428571429,-0.4828571428571428,0.38285714285714284,5,1,2,1,3,0,0.04871428571428571,0.2,0.5,0.0
519242,SI,7,94.12857142857142,6.571428571428571,1.3642857142857143,0.15714285714285717,5,1,4,4,3,0,0.04485714285714286,0.2,1.0,0.0
621366,ST,7,81.51428571428572,6.442857142857143,-1.2642857142857142,-0.18714285714285714,2,2,4,0,0,0,0.04485714285714286,1.0,0.0,
667755,FF,7,96.57142857142857,6.6000000000000005,-0.5571428571428572,0.99,2,0,3,0,2,0,0.038142857142857145,0.0,0.0,0.0
676617,SI,7,97.57142857142857,6.885714285714286,-1.4728571428571429,0.6685714285714285,5,1,3,2,4,0,0.037,0.2,0.6666666666666666,0.0
681517,FF,7,94.44285714285715,7.271428571428571,-0.17714285714285713,1.4114285714285713,2,0,3,0,2,1,0.03557142857142857,0.0,0.0,0.5
434378,CH,7,84.77142857142857,6.085714285714286,-0.9642857142857143,0.9128571428571429,2,1,4,1,1,0,0.03471428571428571,0.5,0.25,0.0
643511,SL,7,73.1,6.028571428571429,0.9199999999999999,1.4385714285714286,2,1,4,0,1,0,0.029428571428571432,0.5,0.0,0.0
678024,FC,7,86.72857142857143,6.242857142857143,0.21857142857142858,0.25857142857142856,4,4,5,2,0,0,0.026285714285714284,1.0,0.4,
608718,SL,7,78.39999999999999,7.285714285714286,-0.5028571428571429,-0.25,4,0,3,0,4,1,0.022142857142857148,0.0,0.0,0.25
656464,SL,7,84.37142857142858,6.771428571428571,0.31285714285714283,-0.24428571428571427,2,2,5,2,0,0,0.021,1.0,0.4,
641816,SL,7,82.87142857142858,6.428571428571429,0.26,-0.12571428571428572,2,1,5,0,1,0,0.019,0.5,0.0,0.0
656876,CU,7,79.61428571428571,6.528571428571429,0.4857142857142857,-0.8600000000000001,3,0,4,0,3,1,0.018857142857142857,0.0,0.0,0.3333333333333333
608032,SL,7,87.64285714285714,5.985714285714286,0.4685714285714286,0.33571428571428574,4,0,1,0,4,2,0.01628571428571429,0.0,0.0,0.5
554340,ST,7,85.34285714285714,6.114285714285714,1.4100000000000001,0.5428571428571428,1,1,5,1,0,0,0.01214285714285714,1.0,0.2,
642397,SI,7,96.31428571428572,6.457142857142857,1.5714285714285714,0.8114285714285714,3,1,2,0,2,2,0.010142857142857148,0.3333333333333333,0.0,1.0
592866,SI,7,87.08571428571429,6.8999999999999995,-0.9885714285714285,0.43,2,0,3,0,2,0,0.010142857142857143,0.0,0.0,0.0
657097,ST,7,83.48571428571428,6.242857142857143,0.46,-0.24714285714285714,4,2,5,2,2,1,0.010142857142857136,0.5,0.4,0.5
458677,FF,7,94.58571428571429,6.271428571428571,0.31714285714285717,1.6842857142857142,2,0,4,1,2,0,0.009999999999999998,0.0,0.25,0.0
681343,CU,7,81.0,6.728571428571429,0.7342857142857142,-1.0985714285714285,1,1,5,1,0,0,0.009,1.0,0.2,
656794,FF,7,93.52857142857144,5.5,0.8457142857142858,1.3,3,2,2,1,1,1,0.004142857142857145,0.6666666666666666,0.5,1.0
693433,SI,7,95.04285714285713,6.8,-1.3585714285714285,0.5271428571428571,2,1,3,0,1,0,0.003999999999999999,0.5,0.0,0.0
621244,FC,7,89.37142857142858,6.5,0.1442857142857143,0.6371428571428571,4,0,4,1,4,0,0.0035714285714285718,0.0,0.25,0.0
663855,FF,7,95.72857142857143,6.642857142857143,-0.8914285714285715,1.1028571428571428,5,1,3,1,4,1,0.00228571428571429,0.2,0.3333333333333333,0.25
680880,SL,7,86.97142857142856,7.128571428571428,-0.0014285714285714299,0.11285714285714286,1,1,3,0,0,0,0.0020000000000000018,1.0,0.0,
607067,SL,7,83.18571428571428,6.814285714285715,0.53,-0.4342857142857143,2,2,7,2,0,0,0.001285714285714287,1.0,0.2857142857142857,
663855,FS,7,87.8,6.671428571428572,-0.8385714285714286,0.4614285714285714,6,1,3,2,5,1,0.0005714285714285729,0.16666666666666666,0.6666666666666666,0.2
666171,FC,7,90.85714285714286,6.514285714285714,0.45285714285714285,0.3157142857142857,4,1,2,0,3,1,0.00042857142857142893,0.25,0.0,0.3333333333333333
663423,CU,7,80.22857142857143,6.142857142857143,0.8428571428571429,-1.162857142857143,4,1,3,1,3,0,-0.000714285714285713,0.25,0.3333333333333333,0.0
694738,FC,7,89.74285714285715,6.271428571428571,-0.41285714285714287,0.5785714285714285,4,1,5,2,2,2,-0.0008571428571428559,0.25,0.4,1.0
471911,CU,7,78.42857142857143,6.714285714285714,0.9257142857142858,-0.5957142857142858,2,1,6,2,0,0,-0.0014285714285714299,0.5,0.3333333333333333,
668881,FS,7,88.08571428571429,6.571428571428571,-0.6028571428571429,0.06571428571428571,6,3,4,3,3,2,-0.0017142857142857157,0.5,0.75,0.6666666666666666
592773,SL,7,88.97142857142856,5.957142857142857,0.1842857142857143,0.03571428571428571,3,0,4,1,3,3,-0.003428571428571429,0.0,0.25,1.0
645261,SL,7,84.08571428571429,5.828571428571428,0.28285714285714286,-0.19571428571428573,1,1,4,0,0,0,-0.005571428571428573,1.0,0.0,
676508,FF,7,96.74285714285715,5.671428571428572,-0.44428571428571434,1.4600000000000002,1,0,4,0,1,0,-0.006857142857142859,0.0,0.0,0.0
676130,SI,7,93.61428571428571,6.442857142857143,-1.2657142857142856,0.7657142857142857,4,0,2,1,4,3,-0.006857142857142863,0.0,0.5,0.75
671109,CH,7,83.42857142857143,6.771428571428571,1.3671428571428572,0.5114285714285715,1,0,5,0,1,1,-0.010714285714285714,0.0,0.0,1.0
663436,SI,7,92.8,6.271428571428571,-1.25,0.7371428571428572,4,0,2,0,4,0,-0.010999999999999998,0.0,0.0,0.0
642701,SL,7,87.07142857142857,5.957142857142857,0.19999999999999998,0.20142857142857143,4,2,3,3,2,1,-0.012999999999999996,0.5,1.0,0.5
608717,CU,7,82.02857142857144,6.385714285714286,0.9114285714285714,-0.6271428571428572,3,1,3,1,2,1,-0.016857142857142855,0.3333333333333333,0.3333333333333333,0.5
592836,FF,7,91.02857142857144,5.914285714285714,-0.7742857142857142,1.4142857142857144,0,0,5,0,0,0,-0.02614285714285714,,0.0,
643361,CH,7,81.12857142857142,5.885714285714286,-1.1657142857142857,1.2157142857142857,2,1,5,1,0,0,-0.028142857142857143,0.5,0.2,
695418,SI,7,94.28571428571429,5.771428571428571,-1.4657142857142857,0.21428571428571427,3,0,4,1,3,2,-0.028714285714285713,0.0,0.25,0.6666666666666666
669721,FF,7,92.54285714285713,6.8,-0.48,1.4914285714285713,5,0,2,1,4,0,-0.030714285714285704,0.0,0.5,0.0
682254,FF,7,98.45714285714287,6.785714285714286,0.4785714285714286,1.7585714285714287,1,0,3,1,1,0,-0.035,0.0,0.3333333333333333,0.0
595978,EP,7,55.25714285714286,5.328571428571428,-0.5528571428571428,1.1414285714285715,2,0,6,1,2,1,-0.03814285714285714,0.0,0.16666666666666666,0.5
683769,FF,7,93.95714285714287,7.1571428571428575,-0.6785714285714286,1.5542857142857145,5,3,4,3,2,1,-0.05285714285714284,0.6,0.75,0.5
519141,KC,7,83.01428571428572,5.757142857142857,-0.49714285714285716,-1.1514285714285715,2,0,7,2,1,0,-0.06585714285714285,0.0,0.2857142857142857,0.0
641745,SI,7,95.58571428571429,6.014285714285714,-1.0142857142857142,0.9028571428571429,2,0,5,1,2,0,-0.07057142857142858,0.0,0.2,0.0
663399,CH,7,83.71428571428571,6.314285714285715,1.1857142857142857,0.4014285714285714,4,1,4,2,2,1,-0.07642857142857142,0.25,0.5,0.5
678024,SI,7,93.45714285714287,6.214285714285714,-0.9628571428571429,0.5671428571428571,2,0,3,0,2,1,-0.07742857142857143,0.0,0.0,0.5
666277,ST,7,86.44285714285715,6.271428571428571,0.6742857142857143,0.1357142857142857,4,0,1,0,3,1,-0.11642857142857144,0.0,0.0,0.3333333333333333
666661,SI,7,99.21428571428571,6.442857142857143,-1.1014285714285714,1.17,4,0,0,0,4,0,-0.12771428571428572,0.0,,0.0
605463,ST,7,83.24285714285715,5.671428571428572,1.0642857142857143,-0.18714285714285714,2,0,5,0,2,2,-0.13199999999999998,0.0,0.0,1.0
687134,CU,7,82.52857142857144,6.314285714285715,0.06714285714285716,-0.5771428571428572,2,0,5,0,2,0,-0.16242857142857142,0.0,0.0,0.0
592155,FC,7,86.0,6.242857142857143,-0.31999999999999995,-0.002857142857142859,1,0,5,0,1,1,-0.18985714285714286,0.0,0.0,1.0
570632,FF,7,97.08571428571429,6.2,-1.2085714285714286,1.1342857142857141,3,0,2,0,3,1,-0.21257142857142858,0.0,0.0,0.3333333333333333
628452,FF,7,95.2,6.2,-0.5399999999999999,1.2757142857142856,4,1,2,1,3,2,-0.2151428571428571,0.25,0.5,0.6666666666666666
543294,CU,7,72.24285714285715,5.414285714285714,1.4371428571428573,-0.7928571428571428,1,0,1,0,1,1,-0.22585714285714284,0.0,0.0,1.0
571760,SL,7,78.97142857142856,6.2,-0.35857142857142854,-0.042857142857142864,4,0,3,1,3,1,-0.2314285714285714,0.0,0.3333333333333333,0.3333333333333333
502043,FF,7,92.08571428571429,6.828571428571428,-0.45428571428571424,1.3985714285714284,2,0,4,0,2,1,-0.23214285714285715,0.0,0.0,0.5
663574,SV,7,85.61428571428571,5.757142857142857,0.7571428571428571,-0.2814285714285714,5,1,1,0,3,1,-0.2542857142857143,0.2,0.0,0.3333333333333333
664139,FF,7,92.55714285714285,7.028571428571429,-0.16428571428571428,1.3471428571428572,5,0,2,1,4,3,-0.2572857142857143,0.0,0.5,0.75
607192,FF,7,95.07142857142857,7.557142857142857,-0.24857142857142858,1.4257142857142857,5,1,1,0,4,2,-0.6344285714285715,0.2,0.0,0.5
571945,SI,6,89.88333333333333,6.283333333333334,-1.2516666666666667,0.6483333333333333,5,2,0,0,3,1,0.19133333333333336,0.4,,0.3333333333333333
661395,FF,6,100.56666666666666,6.216666666666666,-1.095,0.9183333333333333,4,2,3,1,2,0,0.15066666666666664,0.5,0.3333333333333333,0.0
606160,FS,6,87.06666666666666,6.333333333333333,-1.0733333333333333,0.13666666666666666,4,1,3,2,3,0,0.12350000000000001,0.25,0.6666666666666666,0.0
660825,SI,6,93.91666666666667,5.933333333333334,-1.37,0.84,3,0,0,0,2,1,0.10816666666666667,0.0,,0.5
672841,SI,6,97.61666666666666,6.716666666666666,-1.1683333333333332,0.3283333333333333,3,0,2,1,3,1,0.105,0.0,0.5,0.3333333333333333
621053,ST,6,82.85000000000001,5.983333333333333,1.195,0.17166666666666666,6,2,1,1,4,0,0.10149999999999999,0.3333333333333333,1.0,0.0
662253,FF,6,98.7,6.633333333333333,-0.9066666666666666,1.11,4,0,2,1,3,2,0.09349999999999999,0.0,0.5,0.6666666666666666
663623,FC,6,87.7,7.066666666666666,-0.10833333333333334,0.6,2,0,4,1,2,1,0.09233333333333334,0.0,0.25,0.5
668984,SI,6,93.63333333333333,6.716666666666666,-1.6283333333333332,0.7033333333333333,4,0,4,4,4,0,0.09216666666666667,0.0,1.0,0.0
686642,FF,6,93.81666666666666,6.116666666666667,0.9966666666666667,1.1816666666666666,3,1,2,1,2,1,0.09200000000000001,0.3333333333333333,0.5,0.5
676130,CH,6,86.86666666666667,6.316666666666666,-0.5916666666666667,0.15333333333333335,3,1,4,1,2,1,0.08983333333333332,0.3333333333333333,0.25,0.5
605347,FF,6,93.86666666666667,6.516666666666667,-0.8883333333333333,1.2166666666666666,3,1,2,0,2,1,0.08966666666666667,0.3333333333333333,0.0,0.5
669194,FC,6,90.03333333333335,6.766666666666667,0.5033333333333333,0.5683333333333334,3,0,4,1,3,1,0.08800000000000001,0.0,0.25,0.3333333333333333
621383,SI,6,91.3,5.716666666666666,1.095,0.8383333333333334,3,0,0,0,3,0,0.08683333333333333,0.0,,0.0
547973,FF,6,98.25,7.3,0.395,1.6033333333333333,3,1,2,0,2,1,0.08633333333333333,0.3333333333333333,0.0,0.5
642152,SI,6,95.21666666666665,6.6000000000000005,-1.2616666666666667,0.9199999999999999,2,0,3,0,2,2,0.085,0.0,0.0,1.0
670955,FC,6,88.78333333333335,6.3500000000000005,0.0049999999999999975,0.79,5,1,2,2,4,0,0.08383333333333333,0.2,1.0,0.0
608372,SI,6,93.25,6.333333333333333,-1.1183333333333334,0.8183333333333334,3,2,3,1,1,0,0.082,0.6666666666666666,0.3333333333333333,0.0
667463,CH,6,84.93333333333334,5.8999999999999995,1.37,0.12666666666666668,4,2,2,1,2,0,0.08183333333333333,0.5,0.5,0.0
693433,ST,6,85.28333333333333,6.716666666666666,0.8066666666666666,0.2966666666666667,4,2,3,1,2,0,0.07066666666666667,0.5,0.3333333333333333,0.0
686993,ST,6,80.95,6.366666666666667,1.515,0.135,4,1,5,3,3,0,0.07033333333333334,0.25,0.6,0.0
694973,CH,6,87.81666666666666,6.183333333333334,-1.4666666666666668,0.3383333333333333,4,1,6,4,3,0,0.06883333333333333,0.25,0.6666666666666666,0.0
519008,ST,6,77.75,5.633333333333333,-1.445,-0.04499999999999999,2,0,2,1,2,0,0.059,0.0,0.5,0.0
623211,FC,6,90.85000000000001,5.716666666666666,-0.2783333333333333,0.645,3,1,3,1,2,0,0.04933333333333334,0.3333333333333333,0.3333333333333333,0.0
695534,CH,6,88.78333333333335,6.383333333333333,-1.4116666666666664,0.5233333333333333,4,3,4,2,1,0,0.04700000000000001,0.75,0.5,0.0
656794,SV,6,82.28333333333333,5.483333333333333,-1.1866666666666668,-0.5666666666666667,4,2,3,2,2,0,0.042833333333333334,0.5,0.6666666666666666,0.0
682989,ST,6,83.7,6.6000000000000005,0.7533333333333334,0.5583333333333333,3,2,4,1,1,0,0.041666666666666664,0.6666666666666666,0.25,0.0
674944,FS,6,83.58333333333333,6.433333333333334,1.0366666666666666,0.028333333333333332,3,2,5,2,1,0,0.04033333333333333,0.6666666666666666,0.4,0.0
642048,CH,6,84.31666666666666,6.783333333333334,1.6716666666666666,0.42,4,4,2,1,0,0,0.03983333333333333,1.0,0.5,
668678,CH,6,87.3,6.566666666666666,-0.8883333333333333,0.315,3,1,3,0,2,0,0.03566666666666667,0.3333333333333333,0.0,0.0
656730,KC,6,86.35000000000001,6.55,0.05333333333333332,-0.5683333333333334,3,3,4,1,0,0,0.03133333333333333,1.0,0.25,
672335,SV,6,82.96666666666667,6.0,-1.03,-0.68,5,1,3,2,4,0,0.029500000000000002,0.2,0.6666666666666666,0.0
680689,CU,6,79.64999999999999,5.583333333333333,0.16333333333333333,-0.67,1,0,3,0,1,1,0.028833333333333336,0.0,0.0,1.0
666974,SI,6,96.08333333333333,5.816666666666666,-1.47,-0.06666666666666667,4,0,2,0,4,3,0.028333333333333325,0.0,0.0,0.75
686580,CU,6,84.55,6.816666666666666,0.4383333333333333,-1.27,3,0,3,1,2,0,0.02733333333333333,0.0,0.3333333333333333,0.0
605447,FF,6,96.06666666666666,7.5,-0.715,1.5833333333333333,3,0,2,0,3,0,0.022166666666666664,0.0,0.0,0.0
434378,CU,6,78.31666666666666,5.983333333333333,0.65,-0.9983333333333334,2,0,1,0,1,0,0.020666666666666667,0.0,0.0,0.0
596133,FF,6,94.58333333333333,6.05,-0.66,1.615,3,2,2,0,1,0,0.01933333333333333,0.6666666666666666,0.0,0.0
571578,FF,6,90.98333333333333,6.683333333333334,0.65,1.2233333333333334,4,1,3,1,3,0,0.018666666666666665,0.25,0.3333333333333333,0.0
684007,ST,6,80.26666666666667,6.133333333333333,-0.9533333333333333,0.25666666666666665,0,0,2,0,0,0,0.016166666666666666,,0.0,
543243,FF,6,92.63333333333333,6.483333333333333,-0.06666666666666667,1.095,0,0,2,0,0,0,0.011666666666666667,,0.0,
664849,ST,6,82.78333333333333,6.1499999999999995,-1.2533333333333332,-0.15166666666666664,2,0,4,1,1,0,0.011000000000000001,0.0,0.25,0.0
669194,CU,6,80.98333333333333,6.716666666666666,1.0283333333333333,-0.6316666666666667,2,0,4,0,2,1,0.009333333333333332,0.0,0.0,0.5
622786,CH,6,88.86666666666667,6.216666666666666,-1.2866666666666668,0.09666666666666668,1,0,5,0,1,1,0.004833333333333326,0.0,0.0,1.0
685126,FF,6,91.48333333333333,7.133333333333333,0.7266666666666666,1.3216666666666665,1,0,4,1,0,0,0.003166666666666667,0.0,0.25,
656605,SL,6,85.2,6.216666666666666,0.38833333333333336,-0.10666666666666667,1,0,3,0,1,0,0.0016666666666666611,0.0,0.0,0.0
669371,CH,6,87.45,6.816666666666666,-1.6466666666666665,0.39166666666666666,0,0,4,0,0,0,0.0008333333333333323,,0.0,
692285,ST,6,82.26666666666667,5.633333333333333,1.3233333333333335,0.31,3,1,4,1,2,0,-0.00016666666666666682,0.3333333333333333,0.25,0.0
641927,CU,6,74.96666666666667,7.25,0.6316666666666667,-0.5916666666666667,0,0,2,0,0,0,-0.0006666666666666708,,0.0,
672282,CU,6,71.08333333333333,5.983333333333333,-0.9583333333333334,-1.3216666666666665,0,0,4,0,0,0,-0.007333333333333333,,0.0,
621381,FC,6,87.23333333333333,6.25,0.3833333333333333,0.9233333333333333,1,0,2,0,1,1,-0.009333333333333332,0.0,0.0,1.0
695445,FF,6,90.68333333333334,6.25,-0.39166666666666666,0.6266666666666667,4,1,4,2,3,0,-0.012166666666666668,0.25,0.5,0.0
657649,CU,6,80.93333333333334,6.166666666666667,-1.1616666666666668,-0.7166666666666667,2,0,3,1,2,0,-0.014666666666666673,0.0,0.3333333333333333,0.0
681911,CH,6,83.58333333333333,6.233333333333333,0.9,0.8116666666666666,1,1,4,0,0,0,-0.015833333333333335,1.0,0.0,
660896,SL,6,90.31666666666666,6.1000000000000005,0.3633333333333333,0.4533333333333333,2,1,4,0,1,0,-0.018166666666666668,0.5,0.0,0.0
592155,ST,6,81.39999999999999,6.333333333333333,-1.1916666666666667,-0.18833333333333335,2,1,4,0,1,0,-0.020666666666666667,0.5,0.0,0.0
657571,SV,6,79.28333333333335,6.183333333333334,-0.7366666666666667,-1.0716666666666665,2,0,2,0,2,0,-0.02666666666666666,0.0,0.0,0.0
687064,CH,6,87.51666666666667,6.7,-1.2816666666666665,0.8116666666666666,2,1,3,0,1,0,-0.0275,0.5,0.0,0.0
656557,FF,6,94.48333333333333,6.083333333333333,-0.985,0.8516666666666667,0,0,6,0,0,0,-0.030166666666666665,,0.0,
680951,CH,6,82.98333333333333,7.166666666666667,1.4366666666666668,0.8300000000000001,1,1,6,1,0,0,-0.03366666666666667,1.0,0.16666666666666666,
592426,CU,6,83.8,6.6499999999999995,0.14166666666666666,-1.095,0,0,4,0,0,0,-0.037,,0.0,
592454,FF,6,92.85000000000001,6.866666666666667,-0.48666666666666664,1.53,1,0,4,0,1,0,-0.04716666666666667,0.0,0.0,0.0
500779,SV,6,77.96666666666665,6.566666666666666,-0.8833333333333333,0.07666666666666666,2,0,3,0,2,1,-0.053833333333333344,0.0,0.0,0.5
628452,SL,6,84.0,6.066666666666666,0.9916666666666667,0.27,2,1,3,0,1,1,-0.06183333333333333,0.5,0.0,1.0
679358,FF,6,94.03333333333335,6.95,-0.835,1.39,2,0,3,0,2,0,-0.07233333333333332,0.0,0.0,0.0
621366,FS,6,82.06666666666666,6.566666666666666,0.77,-0.028333333333333332,4,1,3,1,3,1,-0.074,0.25,0.3333333333333333,0.3333333333333333
676534,ST,6,87.7,5.833333333333333,1.0666666666666667,0.09666666666666668,2,1,6,2,1,0,-0.076,0.5,0.3333333333333333,0.0
657514,FC,6,87.95,5.616666666666667,-0.08833333333333333,0.63,2,1,3,0,1,0,-0.07883333333333332,0.5,0.0,0.0
687134,SL,6,86.41666666666667,6.416666666666667,0.18166666666666667,-0.12666666666666668,4,0,3,1,4,1,-0.08116666666666666,0.0,0.3333333333333333,0.25
689147,SI,6,97.10000000000001,6.283333333333334,-1.455,0.9049999999999999,5,3,0,0,2,1,-0.08316666666666667,0.6,,0.5
677020,SI,6,91.85000000000001,7.283333333333334,0.945,0.5783333333333333,2,0,3,1,1,0,-0.09183333333333334,0.0,0.3333333333333333,0.0
642100,SI,6,94.36666666666667,6.083333333333333,1.5733333333333333,0.6016666666666667,2,0,2,0,2,0,-0.09916666666666668,0.0,0.0,0.0
656271,SL,6,87.18333333333334,6.883333333333333,0.21833333333333335,0.38999999999999996,4,2,3,2,2,1,-0.10033333333333332,0.5,0.6666666666666666,0.5
702352,FC,6,90.0,6.333333333333333,0.0,0.9216666666666667,3,1,3,2,2,0,-0.10149999999999999,0.3333333333333333,0.6666666666666666,0.0
657746,FS,6,87.89999999999999,6.566666666666666,-1.0683333333333334,0.025000000000000005,1,0,5,0,1,1,-0.13816666666666666,0.0,0.0,1.0
656302,KC,6,79.33333333333333,6.416666666666667,0.31,-1.3583333333333334,1,0,5,0,1,1,-0.1705,0.0,0.0,1.0
678692,CH,6,90.08333333333333,6.45,-1.4083333333333332,0.35833333333333334,3,0,2,2,3,1,-0.18616666666666667,0.0,1.0,0.3333333333333333
695534,ST,6,86.28333333333335,6.2,0.73,-0.09000000000000001,3,1,3,0,2,1,-0.2725,0.3333333333333333,0.0,0.5
502043,CH,6,86.05,6.933333333333334,-1.1216666666666666,0.38833333333333336,3,1,3,2,2,1,-0.28883333333333333,0.3333333333333333,0.6666666666666666,0.5
657376,SI,6,94.03333333333335,6.3,-1.0866666666666667,0.5066666666666667,2,0,1,0,2,1,-0.4086666666666667,0.0,0.0,0.5
543056,FC,5,85.14,5.92,-0.5660000000000001,0.32799999999999996,4,3,2,2,1,0,0.1656,0.75,1.0,0.0
656271,SI,5,92.72,7.140000000000001,1.364,0.876,3,1,2,2,2,0,0.1502,0.3333333333333333,1.0,0.0
593958,SI,5,90.64,6.26,1.2280000000000002,1.314,2,0,3,1,2,0,0.13620000000000002,0.0,0.3333333333333333,0.0
660853,CH,5,88.32000000000001,6.42,-1.252,0.484,4,1,4,3,3,1,0.11979999999999999,0.25,0.75,0.3333333333333333
675848,FF,5,96.58,6.159999999999999,0.003999999999999998,0.9,2,2,2,1,0,0,0.10400000000000001,1.0,0.5,
607481,CU,5,81.35999999999999,6.56,-1.138,-0.67,2,1,3,1,1,0,0.09,0.5,0.3333333333333333,0.0
681882,KC,5,83.78,6.459999999999999,1.202,-1.096,1,0,2,1,1,0,0.0856,0.0,0.5,0.0
641941,FC,5,87.0,6.779999999999999,0.42000000000000004,0.304,3,1,2,1,2,1,0.08020000000000001,0.3333333333333333,0.5,0.5
685107,SI,5,92.42,6.1,1.28,0.7140000000000001,3,1,3,1,2,0,0.075,0.3333333333333333,0.3333333333333333,0.0
676534,CU,5,86.0,5.78,0.788,-0.836,3,2,3,2,1,0,0.0748,0.6666666666666666,0.6666666666666666,0.0
621366,SI,5,94.46000000000001,6.36,1.518,0.646,2,0,1,0,2,1,0.0708,0.0,0.0,0.5
605347,CH,5,86.72,6.279999999999999,-1.3820000000000001,0.294,3,0,3,2,3,0,0.0708,0.0,0.6666666666666666,0.0
676428,CH,5,86.64,6.2,1.22,0.013999999999999999,3,0,3,1,3,0,0.0664,0.0,0.3333333333333333,0.0
669387,FS,5,86.26,6.34,-0.74,0.020000000000000007,2,0,4,1,2,0,0.0618,0.0,0.25,0.0
669711,FF,5,93.36,6.2,-0.9540000000000001,1.06,4,4,3,2,0,0,0.0608,1.0,0.6666666666666666,
607074,SI,5,92.42,5.9,1.238,0.556,4,1,4,3,2,1,0.060399999999999995,0.25,0.75,0.5
664139,SL,5,87.03999999999999,6.88,0.40800000000000003,0.04000000000000001,2,0,3,0,2,1,0.06000000000000001,0.0,0.0,0.5
519151,FF,5,93.28,6.56,0.04,1.3219999999999998,1,0,2,0,1,1,0.0588,0.0,0.0,1.0
571948,CH,5,80.2,6.56,1.308,-0.5740000000000001,3,1,4,2,2,1,0.0586,0.3333333333333333,0.5,0.5
607067,SI,5,93.06,6.82,-0.874,0.82,1,0,4,1,1,0,0.057999999999999996,0.0,0.25,0.0
458677,FC,5,90.53999999999999,6.26,-0.506,0.952,4,0,2,1,4,0,0.05600000000000001,0.0,0.5,0.0
434378,ST,5,79.64,6.08,1.21,-0.09,3,1,2,0,2,0,0.055600000000000004,0.3333333333333333,0.0,0.0
673513,SL,5,86.54,5.74,-0.324,0.726,2,0,1,0,2,0,0.055200000000000006,0.0,0.0,0.0
547179,FC,5,90.94,5.92,0.007999999999999997,0.662,2,1,3,1,1,0,0.046599999999999996,0.5,0.3333333333333333,0.0
571946,FS,5,86.46000000000001,7.1,-1.418,0.382,2,2,4,1,0,0,0.045799999999999993,1.0,0.25,
621053,SI,5,94.28,6.1,-1.41,0.506,2,0,3,1,2,1,0.045200000000000004,0.0,0.3333333333333333,0.5
641302,CH,5,83.22,6.44,1.182,0.29,4,1,4,3,3,0,0.0444,0.25,0.75,0.0
664285,SL,5,85.47999999999999,5.9,-0.2,0.142,2,1,5,2,1,0,0.044,0.5,0.4,0.0
621053,CH,5,86.12,6.24,-1.268,0.054000000000000006,3,1,4,2,2,0,0.041,0.3333333333333333,0.5,0.0
669060,FF,5,93.0,6.4799999999999995,-0.7140000000000001,1.308,2,0,4,1,2,1,0.0396,0.0,0.25,0.5
543135,SL,5,86.4,6.94,0.592,0.266,1,0,3,0,1,1,0.036199999999999996,0.0,0.0,1.0
669461,CH,5,89.34,6.36,1.2,0.804,1,0,3,0,1,0,0.0338,0.0,0.0,0.0
547973,FS,5,91.94,7.56,0.10200000000000001,0.45199999999999996,5,2,3,3,2,0,0.0314,0.4,1.0,0.0
694973,SL,5,84.86,6.18,0.264,0.638,3,0,0,0,3,0,0.0314,0.0,,0.0
676664,CU,5,78.47999999999999,6.640000000000001,-0.352,-0.18,3,1,4,2,2,2,0.0234,0.3333333333333333,0.5,1.0
664208,ST,5,83.0,7.040000000000001,1.018,0.728,3,2,3,1,0,0,0.0222,0.6666666666666666,0.3333333333333333,
445926,CH,5,84.3,6.279999999999999,-1.262,0.048,2,1,5,2,1,0,0.0218,0.5,0.4,0.0
678024,CH,5,86.7,6.640000000000001,-1.0379999999999998,0.06799999999999999,1,1,4,0,0,0,0.0172,1.0,0.0,
663978,FC,5,83.86,7.1,0.202,0.078,2,1,2,0,1,0,0.0156,0.5,0.0,0.0
678606,CH,5,86.9,5.96,1.512,0.026000000000000002,2,0,3,1,1,0,0.014199999999999996,0.0,0.3333333333333333,0.0
656288,KC,5,81.03999999999999,5.86,1.306,-0.518,1,0,1,0,0,0,0.0134,0.0,0.0,
672335,FF,5,96.53999999999999,5.96,0.648,1.248,4,1,1,0,3,0,0.0132,0.25,0.0,0.0
672578,KC,5,83.03999999999999,6.859999999999999,0.43,-0.45,3,0,3,1,2,1,0.013000000000000001,0.0,0.3333333333333333,0.5
608372,FC,5,87.42,6.18,0.25,0.316,3,0,2,0,3,1,0.007799999999999996,0.0,0.0,0.3333333333333333
628317,SI,5,90.2,5.92,-1.1019999999999999,0.8140000000000001,1,0,3,0,1,0,0.006000000000000003,0.0,0.0,0.0
663423,FF,5,93.67999999999999,6.24,-0.23199999999999998,1.2200000000000002,4,0,2,1,3,1,0.0006000000000000005,0.0,0.5,0.3333333333333333
642547,SL,5,82.5,6.840000000000001,0.638,0.636,2,1,5,2,1,0,-0.0008,0.5,0.4,0.0
656550,CU,5,84.06,6.18,0.096,-0.63,4,1,2,1,3,0,-0.0051999999999999946,0.25,0.5,0.0
622608,CU,5,79.58,5.94,0.41200000000000003,-0.534,3,1,4,2,2,0,-0.005399999999999999,0.3333333333333333,0.5,0.0
682171,SI,5,87.36,6.5200000000000005,-0.99,-0.03400000000000001,2,0,2,0,1,0,-0.009799999999999998,0.0,0.0,0.0
682989,CH,5,87.47999999999999,6.8,-1.502,0.616,1,0,4,0,1,0,-0.014800000000000002,0.0,0.0,0.0
656876,ST,5,84.42,6.62,1.008,-0.256,2,1,4,1,1,0,-0.0152,0.5,0.25,0.0
700270,KC,5,75.4,5.76,0.36,-1.376,1,0,3,0,1,0,-0.0158,0.0,0.0,0.0
607074,CU,5,79.58,5.9,-0.774,-1.3039999999999998,0,0,4,0,0,0,-0.0174,,0.0,
682120,SI,5,92.84,6.42,1.332,0.162,3,1,2,1,1,0,-0.020599999999999997,0.3333333333333333,0.5,0.0
571771,EP,5,38.660000000000004,3.9799999999999995,-0.252,1.47,3,0,4,2,3,0,-0.0232,0.0,0.5,0.0
682243,ST,5,83.14,6.220000000000001,1.488,-0.648,0,0,5,0,0,0,-0.0258,,0.0,
805123,FC,5,86.3,6.5200000000000005,0.252,0.914,3,0,3,1,3,1,-0.0262,0.0,0.3333333333333333,0.3333333333333333
519151,SL,5,87.84,6.42,0.49000000000000005,-0.030000000000000006,2,1,3,1,1,0,-0.027200000000000002,0.5,0.3333333333333333,0.0
683409,SL,5,89.8,6.220000000000001,-0.07799999999999999,0.254,1,1,4,0,0,0,-0.031,1.0,0.0,
518397,SL,5,83.82000000000001,6.3,-0.21600000000000003,-0.154,1,1,5,1,0,0,-0.0336,1.0,0.2,
676961,SI,5,92.28,5.92,-1.342,0.8699999999999999,1,0,4,0,1,0,-0.04079999999999999,0.0,0.0,0.0
689690,CH,5,73.74,7.159999999999999,-1.666,0.40199999999999997,5,0,4,4,4,1,-0.041,0.0,1.0,0.25
672391,FC,5,90.72,6.3,0.144,0.828,3,0,3,1,2,0,-0.043000000000000003,0.0,0.3333333333333333,0.0
682052,CH,5,83.36,6.92,1.54,0.414,0,0,4,0,0,0,-0.0446,,0.0,
640448,FS,5,86.97999999999999,6.720000000000001,-0.914,0.29,1,0,4,1,0,0,-0.053000000000000005,0.0,0.25,
671106,FF,5,89.28,6.459999999999999,0.596,1.3880000000000001,1,0,3,0,1,0,-0.0602,0.0,0.0,0.0
669062,SI,5,97.97999999999999,6.720000000000001,1.476,0.6519999999999999,2,0,3,1,2,0,-0.06100000000000001,0.0,0.3333333333333333,0.0
660787,SI,5,94.72,6.5,-1.61,0.604,1,0,1,0,1,1,-0.074,0.0,0.0,1.0
592094,ST,5,77.34,6.34,1.496,-0.272,1,0,5,1,1,0,-0.0762,0.0,0.2,0.0
684007,CU,5,73.24,6.12,-0.774,-1.018,3,1,1,0,1,1,-0.08159999999999999,0.3333333333333333,0.0,1.0
674370,FC,5,86.7,6.0600000000000005,-0.012000000000000002,0.502,2,0,3,1,2,0,-0.0838,0.0,0.3333333333333333,0.0
500779,FF,5,89.9,6.58,0.286,1.396,1,0,4,0,1,0,-0.0882,0.0,0.0,0.0
670167,ST,5,82.38,6.32,1.23,0.16999999999999998,4,0,4,3,4,0,-0.0942,0.0,0.75,0.0
685126,SI,5,88.78,7.12,1.3980000000000001,0.62,0,0,5,0,0,0,-0.09759999999999999,,0.0,
656641,CH,5,84.42,6.56,1.264,0.8539999999999999,3,1,4,2,2,0,-0.0982,0.3333333333333333,0.5,0.0
666171,SL,5,88.74,6.56,0.522,0.046,3,1,3,1,2,1,-0.09940000000000002,0.3333333333333333,0.3333333333333333,0.5
685126,CH,5,85.67999999999999,7.18,1.026,0.126,2,0,4,1,2,1,-0.1016,0.0,0.25,0.5
676106,ST,5,78.46,6.0200000000000005,1.012,0.32,2,0,3,0,2,0,-0.1026,0.0,0.0,0.0
641793,ST,5,81.1,6.1,0.8960000000000001,0.014000000000000012,2,0,2,0,1,0,-0.1102,0.0,0.0,0.0
670167,SI,5,93.78,6.659999999999999,-1.47,-0.048,2,0,2,0,2,0,-0.1112,0.0,0.0,0.0
676617,SL,5,90.0,6.9799999999999995,0.31399999999999995,0.532,2,0,3,0,1,0,-0.1222,0.0,0.0,0.0
676974,SI,5,94.03999999999999,6.4,-1.226,0.496,1,0,3,0,1,1,-0.1246,0.0,0.0,1.0
608566,CH,5,90.38,5.720000000000001,-0.8320000000000001,0.726,3,0,2,0,3,1,-0.1256,0.0,0.0,0.3333333333333333
694477,CH,5,88.94,6.3,-1.23,0.364,1,0,4,0,1,1,-0.1268,0.0,0.0,1.0
669371,SI,5,94.16,6.840000000000001,-1.5559999999999998,0.694,2,0,2,0,2,1,-0.136,0.0,0.0,0.5
694477,FF,5,93.84,6.44,-0.638,1.468,2,0,3,0,2,1,-0.13679999999999998,0.0,0.0,0.5
679358,SL,5,88.7,6.92,0.40800000000000003,0.354,2,0,3,0,2,1,-0.1496,0.0,0.0,0.5
642397,FF,5,97.1,6.5200000000000005,1.064,1.138,1,0,3,0,1,1,-0.162,0.0,0.0,1.0
607259,SI,5,91.67999999999999,6.0,-1.0959999999999999,1.216,2,0,2,0,2,1,-0.1756,0.0,0.0,0.5
608717,FF,5,91.97999999999999,6.36,-0.41200000000000003,1.3519999999999999,2,0,2,0,2,1,-0.197,0.0,0.0,0.5
695549,CH,5,84.7,6.2,-1.388,0.798,2,1,3,0,1,1,-0.2032,0.5,0.0,1.0
607067,FC,5,86.22,6.8,0.118,0.672,1,0,2,0,1,1,-0.20380000000000004,0.0,0.0,1.0
657277,FC,5,91.02000000000001,6.959999999999999,-0.21800000000000003,0.732,3,0,2,0,3,0,-0.20780000000000004,0.0,0.0,0.0
608337,SL,5,85.03999999999999,6.840000000000001,0.31399999999999995,0.366,2,0,3,0,2,1,-0.22139999999999999,0.0,0.0,0.5
694297,CU,5,84.22,6.4799999999999995,0.58,-0.192,5,1,1,1,3,3,-0.32,0.2,1.0,1.0
593958,SL,5,84.7,6.26,-0.31799999999999995,0.44000000000000006,3,0,2,0,3,3,-0.623,0.0,0.0,1.0
702352,CH,4,87.975,6.55,-1.0350000000000001,0.2525,3,1,1,0,2,2,0.18925,0.3333333333333333,0.0,1.0
628452,SI,4,93.975,6.225,-1.3125,0.77,3,0,1,1,2,0,0.1735,0.0,1.0,0.0
669622,SL,4,88.6,5.8,0.1875,0.1575,4,1,1,1,3,0,0.16725,0.25,1.0,0.0
605135,ST,4,72.775,6.449999999999999,1.4925000000000002,0.009999999999999995,4,2,3,3,2,0,0.15775,0.5,1.0,0.0
676440,CH,4,80.75,6.7,-1.3075,0.9975,3,0,1,0,3,1,0.1285,0.0,0.0,0.3333333333333333
607625,CH,4,83.9,5.925,-1.0675,0.43,3,1,1,0,2,2,0.11425,0.3333333333333333,0.0,1.0
674444,SL,4,87.775,6.55,0.6125,0.2525,4,0,1,1,4,1,0.11075,0.0,1.0,0.25
571948,FF,4,87.075,6.675,1.2275,0.5425,2,1,2,1,1,0,0.11,0.5,0.5,0.0
641927,ST,4,79.19999999999999,7.4,1.0575,0.032499999999999994,3,2,4,3,1,0,0.109,0.6666666666666666,0.75,0.0
657585,FS,4,87.975,6.075,-1.1125,0.07,2,0,2,0,2,1,0.10250000000000001,0.0,0.0,0.5
681882,FF,4,96.525,6.55,-0.6775,1.3225,3,1,2,1,2,0,0.1015,0.3333333333333333,0.5,0.0
656546,SI,4,97.2,6.625,-1.1975,1.185,3,1,3,2,1,1,0.1,0.3333333333333333,0.6666666666666666,1.0
455119,ST,4,83.6,6.325,1.1575,-0.19,2,0,1,0,2,0,0.09875,0.0,0.0,0.0
663158,SI,4,97.675,6.825,-1.14,1.6125,4,0,1,1,4,2,0.098,0.0,1.0,0.5
700363,CU,4,75.175,6.975,0.475,-0.6275,2,0,2,2,2,1,0.09675,0.0,1.0,0.5
657514,CU,4,80.475,5.55,-1.5075,0.1625,2,2,2,1,0,0,0.09225,1.0,0.5,
605130,SL,4,84.925,6.475,0.74,-0.0175,1,0,2,1,1,1,0.08174999999999999,0.0,0.5,1.0
519151,CU,4,80.675,6.25,1.255,-1.1,2,0,4,2,2,2,0.067,0.0,0.5,1.0
660896,SI,4,96.225,6.125,-1.2575,1.085,3,0,3,2,2,0,0.06624999999999999,0.0,0.6666666666666666,0.0
663485,FS,4,87.25,5.75,-1.3425,0.3125,3,0,3,2,3,3,0.06475,0.0,0.6666666666666666,1.0
669721,ST,4,82.15,6.65,1.2025,0.36250000000000004,2,1,3,1,1,0,0.059750000000000004,0.5,0.3333333333333333,0.0
642100,SL,4,81.0,6.125,-0.4775,-0.2575,1,0,2,0,1,0,0.057249999999999995,0.0,0.0,0.0
678024,ST,4,80.1,6.0,1.365,-0.395,1,1,2,0,0,0,0.056499999999999995,1.0,0.0,
521230,CU,4,81.95,7.275,0.41,-1.1125,0,0,4,0,0,0,0.051500000000000004,,0.0,
642152,CH,4,87.525,6.675,-1.2125,0.33499999999999996,2,1,2,0,1,1,0.050249999999999996,0.5,0.0,1.0
676428,FF,4,92.4,6.125,0.105,0.79,2,0,3,1,1,0,0.0485,0.0,0.3333333333333333,0.0
668674,CH,4,89.65,6.525,-1.4975,0.48250000000000004,2,0,3,1,2,0,0.046,0.0,0.3333333333333333,0.0
661395,KC,4,86.475,6.0,0.76,-0.9175,1,0,3,0,1,1,0.036750000000000005,0.0,0.0,1.0
676395,CH,4,88.225,6.4,1.415,0.335,1,0,3,1,1,0,0.035250000000000004,0.0,0.3333333333333333,0.0
693433,SL,4,88.35,6.525,0.3725,0.315,2,1,2,1,1,0,0.0345,0.5,0.5,0.0
673513,FS,4,84.75,5.975,0.925,0.46249999999999997,1,1,4,1,0,0,0.03175,1.0,0.25,
521230,SL,4,86.05,7.05,0.155,0.3,2,2,3,1,0,0,0.030750000000000003,1.0,0.3333333333333333,
472610,FS,4,87.525,6.25,-0.7575000000000001,0.5625,2,0,3,1,2,1,0.0235,0.0,0.3333333333333333,0.5
681799,SI,4,91.92500000000001,6.475,-0.3225,0.7050000000000001,0,0,1,0,0,0,0.019500000000000003,,0.0,
678024,FF,4,92.9,6.175,-0.6475,0.915,2,1,0,0,1,0,0.0195,0.5,,0.0
663947,CU,4,81.05,6.525,-0.8049999999999999,-1.2850000000000001,1,1,4,1,0,0,0.016499999999999997,1.0,0.25,
641540,SL,4,81.6,6.825,0.14250000000000002,-0.0475,3,1,1,0,2,1,0.01625,0.3333333333333333,0.0,0.5
641540,CH,4,85.275,6.8,-1.5,0.3625,1,0,2,0,1,0,0.013999999999999999,0.0,0.0,0.0
663423,FC,4,88.35,6.125,0.3425,0.33999999999999997,4,1,1,1,3,0,0.013000000000000012,0.25,1.0,0.0
672578,SI,4,97.1,7.025,-1.1400000000000001,1.33,2,0,2,0,2,0,0.01225,0.0,0.0,0.0
669724,CH,4,89.2,6.2,-1.3725,0.1575,1,1,3,0,0,0,0.010500000000000006,1.0,0.0,
571760,CS,4,74.725,5.775,-0.635,-0.605,1,0,1,0,0,0,0.0105,0.0,0.0,
695418,CH,4,86.35,5.6,-1.615,0.385,1,0,3,0,1,0,0.010499999999999997,0.0,0.0,0.0
663485,SI,4,93.625,5.8,-1.4425,0.6950000000000001,1,1,1,0,0,0,0.0034999999999999996,1.0,0.0,
656464,FF,4,94.975,6.825,-0.885,1.595,1,0,2,0,1,0,0.0032499999999999985,0.0,0.0,0.0
543243,CH,4,86.35,6.6,-1.295,0.6925,2,0,2,0,2,0,0.0027500000000000007,0.0,0.0,0.0
663903,FF,4,91.8,6.75,-0.575,1.2925,1,0,2,0,0,0,-0.0010000000000000009,0.0,0.0,
694477,SL,4,84.825,6.475,0.6,0.155,1,0,2,0,1,0,-0.0012500000000000002,0.0,0.0,0.0
670955,ST,4,81.975,6.275,1.0625,0.41250000000000003,2,1,2,0,1,0,-0.002999999999999999,0.5,0.0,0.0
592779,ST,4,84.775,6.45,1.3599999999999999,0.2425,1,1,4,1,0,0,-0.004750000000000001,1.0,0.25,
671096,CU,4,78.225,6.275,-0.4975,-0.325,1,1,3,0,0,0,-0.007999999999999998,1.0,0.0,
607192,CU,4,81.925,7.2,0.315,-1.4425,0,0,3,0,0,0,-0.009749999999999998,,0.0,
543056,KC,4,78.4,5.75,-0.4375,-1.6524999999999999,2,1,4,2,1,1,-0.0115,0.5,0.5,1.0
623465,FF,4,95.5,6.4,-0.9725,1.3775,1,1,1,0,0,0,-0.011500000000000002,1.0,0.0,
664076,SL,4,88.225,5.9,-0.52,0.030000000000000006,1,0,3,0,1,0,-0.01175,0.0,0.0,0.0
660825,FF,4,94.225,5.9,-0.805,1.3425,1,0,0,0,1,0,-0.013250000000000001,0.0,,0.0
684320,SI,4,93.925,6.55,-1.52,0.855,1,0,3,1,1,0,-0.01825,0.0,0.3333333333333333,0.0
641540,KC,4,76.57499999999999,6.6,1.0050000000000001,-1.33,0,0,3,0,0,0,-0.018750000000000003,,0.0,
656271,CH,4,88.0,6.95,1.61,0.505,0,0,4,0,0,0,-0.029249999999999998,,0.0,
642048,SI,4,90.7,6.575,1.4475,0.3,3,0,1,1,3,1,-0.03125,0.0,1.0,0.3333333333333333
607200,FF,4,90.8,6.55,-0.63,1.0725,3,0,2,1,3,0,-0.0325,0.0,0.5,0.0
655889,FF,4,96.5,6.75,-0.3125,1.4425,0,0,4,0,0,0,-0.035500000000000004,,0.0,
676130,ST,4,83.325,6.175,0.98,-0.32,0,0,4,0,0,0,-0.04175,,0.0,
621051,CH,4,85.175,6.825,-1.155,0.59,1,1,4,1,0,0,-0.04475,1.0,0.25,
664991,FF,4,94.8,6.075,0.415,1.0175,3,0,0,0,3,1,-0.04524999999999999,0.0,,0.3333333333333333
518585,SL,4,83.025,7.05,0.555,0.20500000000000002,0,0,3,0,0,0,-0.04875,,0.0,
668674,FF,4,97.55,6.475,-0.765,1.27,0,0,3,0,0,0,-0.051,,0.0,
657376,FF,4,94.9,6.2,-0.5275000000000001,1.3125,2,0,3,1,2,0,-0.055,0.0,0.3333333333333333,0.0
669371,FC,4,87.42500000000001,6.4,0.2525,0.595,0,0,3,0,0,0,-0.06575,,0.0,
657585,ST,4,84.8,5.85,1.145,0.16,2,0,0,0,2,0,-0.066,0.0,,0.0
668984,CH,4,88.625,6.775,-1.4275,-0.017500000000000005,3,0,2,1,3,0,-0.07375000000000002,0.0,0.5,0.0
663423,ST,4,79.4,6.1,1.5175,0.3575,1,0,3,1,1,0,-0.09525,0.0,0.3333333333333333,0.0
656849,CU,4,78.8,6.8,-0.4475,-0.52,2,0,1,0,2,0,-0.10325000000000001,0.0,0.0,0.0
663687,FC,4,89.175,6.574999999999999,0.1525,1.1675,2,0,4,2,2,1,-0.1145,0.0,0.5,0.5
701121,CH,4,87.35,6.675,-1.3399999999999999,0.0049999999999999975,3,0,4,3,3,0,-0.1325,0.0,0.75,0.0
686753,FF,4,98.825,5.7,-0.515,1.1275,2,0,2,0,2,1,-0.1435,0.0,0.0,0.5
669438,FC,4,86.925,6.225,0.16499999999999998,0.155,1,0,3,0,1,1,-0.15825,0.0,0.0,1.0
676440,CU,4,79.925,6.75,0.8049999999999999,-0.6849999999999999,2,0,3,1,2,1,-0.19825,0.0,0.3333333333333333,0.5
622554,ST,4,86.675,6.65,0.6525,0.5425,2,0,2,0,2,0,-0.1985,0.0,0.0,0.0
502043,FC,4,87.5,6.75,0.365,0.565,2,0,3,1,2,1,-0.2105,0.0,0.3333333333333333,0.5
645261,FF,4,97.375,5.975,-1.1225,0.9375,1,0,1,0,1,1,-0.22300000000000003,0.0,0.0,1.0
605218,CH,4,88.475,6.75,-1.1775,0.675,2,0,1,0,2,1,-0.24000000000000002,0.0,0.0,0.5
656222,FC,4,84.0,6.45,-0.3775,-0.035,1,0,2,0,1,1,-0.28724999999999995,0.0,0.0,1.0
670059,FC,4,90.575,6.375,0.16499999999999998,0.5775,3,0,1,0,3,2,-0.3615,0.0,0.0,0.6666666666666666
519008,CH,3,80.8,5.666666666666667,1.2766666666666666,-0.11,3,0,1,1,3,0,0.30433333333333334,0.0,1.0,0.0
669724,FF,3,97.03333333333335,6.2,-1.1333333333333333,0.9666666666666668,0,0,0,0,0,0,0.21666666666666667,,,
596133,CH,3,87.2,6.033333333333334,-1.2566666666666666,0.5233333333333333,3,1,1,1,2,0,0.216,0.3333333333333333,1.0,0.0
693433,CH,3,89.73333333333333,6.8,-1.4533333333333331,0.57,2,0,0,0,2,0,0.18833333333333332,0.0,,0.0
642701,FF,3,94.06666666666666,5.866666666666667,-0.8566666666666668,1.1766666666666665,3,0,0,0,2,0,0.18200000000000002,0.0,,0.0
681517,ST,3,86.16666666666667,7.0,0.79,0.5499999999999999,3,0,0,0,3,1,0.17633333333333334,0.0,,0.3333333333333333
592779,FC,3,93.16666666666667,6.5,0.07333333333333333,0.6833333333333332,2,0,0,0,2,0,0.17066666666666666,0.0,,0.0
605452,CH,3,89.86666666666667,7.0,-1.3833333333333335,0.2866666666666667,2,1,1,1,1,0,0.16,0.5,1.0,0.0
663562,FC,3,86.26666666666667,5.233333333333333,0.17666666666666667,0.4533333333333333,2,1,0,0,1,0,0.14033333333333334,0.5,,0.0
663485,FC,3,88.56666666666666,5.7,0.11666666666666665,0.6166666666666667,3,0,0,0,3,2,0.13533333333333333,0.0,,0.6666666666666666
686753,CH,3,90.89999999999999,5.766666666666667,-1.3633333333333333,0.4666666666666666,2,0,1,1,1,0,0.13499999999999998,0.0,1.0,0.0
628317,ST,3,81.26666666666667,5.866666666666667,1.1199999999999999,-0.10666666666666667,1,1,0,0,0,0,0.13433333333333333,1.0,,
663562,SC,3,85.26666666666667,5.3999999999999995,-0.7466666666666667,-0.03666666666666666,2,0,0,0,2,0,0.12100000000000001,0.0,,0.0
666200,SI,3,95.10000000000001,5.8999999999999995,1.5166666666666666,0.65,2,0,1,0,2,1,0.11699999999999999,0.0,0.0,0.5
641745,CH,3,92.66666666666667,5.966666666666666,-1.07,0.68,2,1,2,2,1,1,0.11666666666666668,0.5,1.0,1.0
676961,FC,3,88.2,5.866666666666667,0.15333333333333332,0.8066666666666666,1,0,2,1,1,0,0.109,0.0,0.5,0.0
596001,FF,3,91.43333333333334,6.433333333333334,-0.48,1.1466666666666667,2,0,0,0,2,1,0.10633333333333334,0.0,,0.5
628317,FF,3,89.26666666666667,5.8999999999999995,-0.57,1.2233333333333334,2,0,2,1,2,0,0.10633333333333332,0.0,0.5,0.0
623465,SI,3,95.39999999999999,6.3999999999999995,-1.3433333333333335,0.75,2,0,2,1,2,0,0.10566666666666667,0.0,0.5,0.0
664076,SI,3,97.03333333333335,6.033333333333334,1.5266666666666666,0.6733333333333333,2,2,1,1,0,0,0.10333333333333333,1.0,1.0,
660787,SL,3,84.89999999999999,6.666666666666667,0.006666666666666664,0.33666666666666667,1,0,1,0,1,0,0.102,0.0,0.0,0.0
676961,FF,3,91.5,5.8,-0.39999999999999997,1.3433333333333335,1,0,1,0,1,0,0.09900000000000002,0.0,0.0,0.0
675989,FC,3,88.86666666666667,6.5,0.5833333333333334,-0.03666666666666667,2,0,3,2,2,0,0.09500000000000001,0.0,0.6666666666666666,0.0
621199,FS,3,83.53333333333333,6.5,-0.7433333333333333,-0.06333333333333331,1,0,1,0,1,1,0.09400000000000001,0.0,0.0,1.0
643377,SI,3,96.23333333333333,6.466666666666666,-1.3766666666666667,0.7866666666666666,2,0,2,1,2,0,0.09366666666666668,0.0,0.5,0.0
608331,SL,3,85.0,6.400000000000001,-0.3833333333333333,-0.05666666666666667,3,0,0,0,3,1,0.09033333333333333,0.0,,0.3333333333333333
663767,CH,3,87.83333333333333,6.166666666666667,-1.0866666666666667,0.5666666666666667,2,0,2,1,2,1,0.08666666666666667,0.0,0.5,0.5
688642,ST,3,83.63333333333333,6.033333333333334,0.53,-0.44333333333333336,2,0,1,0,2,0,0.08,0.0,0.0,0.0
672391,ST,3,81.60000000000001,6.2,1.42,-0.3233333333333333,1,1,2,0,0,0,0.07666666666666667,1.0,0.0,
683004,CU,3,80.73333333333333,6.5,0.5966666666666667,-0.7999999999999999,1,0,2,0,1,1,0.07666666666666666,0.0,0.0,1.0
458677,SL,3,86.73333333333333,6.400000000000001,-0.26,-0.06666666666666667,3,0,2,2,3,0,0.07466666666666667,0.0,1.0,0.0
663423,CH,3,87.10000000000001,6.2,-0.9166666666666666,0.33,2,0,1,0,2,0,0.074,0.0,0.0,0.0
593974,SL,3,87.5,5.833333333333333,-0.003333333333333334,0.5066666666666667,2,1,1,0,1,0,0.07066666666666667,0.5,0.0,0.0
608371,FC,3,91.16666666666667,5.966666666666666,0.09333333333333332,0.7966666666666667,1,1,3,1,0,0,0.06633333333333334,1.0,0.3333333333333333,
669199,FS,3,84.7,6.133333333333333,-1.0433333333333332,0.6266666666666666,2,1,3,2,1,0,0.061,0.5,0.6666666666666666,0.0
579328,CU,3,77.7,6.733333333333333,-0.58,-0.44333333333333336,1,0,2,1,1,0,0.059666666666666666,0.0,0.5,0.0
671131,FS,3,85.8,6.5,-1.2633333333333334,0.41,2,0,1,0,2,0,0.057666666666666665,0.0,0.0,0.0
656641,SL,3,84.26666666666667,6.6000000000000005,-0.4333333333333333,0.35666666666666663,1,0,3,1,1,0,0.057,0.0,0.3333333333333333,0.0
686752,CU,3,81.0,6.7,1.3166666666666667,-0.8833333333333333,1,0,2,1,1,0,0.053,0.0,0.5,0.0
676534,SI,3,94.73333333333333,5.733333333333333,-1.46,0.3933333333333333,1,0,0,0,1,0,0.052333333333333336,0.0,,0.0
668941,CH,3,86.60000000000001,5.3999999999999995,1.3133333333333332,-0.16666666666666666,1,0,2,0,1,0,0.043333333333333335,0.0,0.0,0.0
669711,ST,3,80.8,5.966666666666666,1.8099999999999998,0.4066666666666667,1,1,3,1,0,0,0.03966666666666666,1.0,0.3333333333333333,
682254,SL,3,90.5,6.8999999999999995,-0.15,0.19000000000000003,2,2,2,1,0,0,0.036666666666666674,1.0,0.5,
669373,CU,3,81.66666666666667,6.366666666666667,-0.42333333333333334,-0.6366666666666666,1,1,2,0,0,0,0.034666666666666665,1.0,0.0,
668820,CU,3,78.56666666666666,6.466666666666666,1.0233333333333332,-0.8733333333333334,1,0,0,0,1,0,0.030333333333333334,0.0,,0.0
669062,CH,3,87.96666666666665,6.666666666666667,1.4133333333333333,0.11,2,1,2,1,1,1,0.029333333333333333,0.5,0.5,1.0
808967,SL,3,86.63333333333333,6.166666666666667,0.44,-0.0033333333333333457,1,0,1,0,1,1,0.027666666666666662,0.0,0.0,1.0
665152,SL,3,83.86666666666667,6.0,0.19999999999999998,0.08333333333333333,1,0,2,0,1,0,0.018666666666666668,0.0,0.0,0.0
571946,ST,3,83.03333333333333,7.133333333333333,1.0966666666666667,0.34,2,1,2,1,1,0,0.017,0.5,0.5,0.0
656271,FF,3,95.73333333333333,6.866666666666667,0.94,1.3433333333333335,1,0,2,0,1,0,0.015666666666666666,0.0,0.0,0.0
666200,SL,3,86.60000000000001,6.0,0.03000000000000001,0.07,1,0,2,0,1,0,0.012666666666666668,0.0,0.0,0.0
700669,CH,3,86.03333333333335,6.3,-1.4733333333333334,0.8233333333333334,1,0,1,0,1,0,0.009333333333333334,0.0,0.0,0.0
694363,SI,3,91.13333333333333,6.566666666666666,1.4533333333333331,0.49,1,0,3,1,0,0,0.008333333333333333,0.0,0.3333333333333333,
681517,CH,3,88.3,7.1000000000000005,-1.1766666666666667,0.49333333333333335,0,0,2,0,0,0,0.008,,0.0,
666661,SL,3,87.56666666666666,6.466666666666666,0.5833333333333334,-0.26,1,0,2,0,1,0,0.005,0.0,0.0,0.0
686753,SI,3,96.46666666666665,5.666666666666667,-1.4866666666666666,0.5633333333333334,0,0,2,0,0,0,-0.0003333333333333359,,0.0,
607067,FS,3,87.23333333333333,6.766666666666667,-1.1066666666666667,0.10000000000000002,1,0,3,1,1,0,-0.003333333333333334,0.0,0.3333333333333333,0.0
686613,FC,3,92.86666666666667,6.533333333333334,0.26333333333333336,0.7733333333333334,0,0,2,0,0,0,-0.007000000000000002,,0.0,
607192,SL,3,90.8,7.566666666666666,0.3133333333333333,0.53,1,1,2,0,0,0,-0.007999999999999998,1.0,0.0,
542881,SI,3,87.76666666666667,5.833333333333333,1.4033333333333333,0.7666666666666666,1,0,1,0,1,0,-0.009666666666666665,0.0,0.0,0.0
680573,CH,3,83.56666666666666,6.766666666666667,-1.3433333333333335,0.8033333333333333,1,1,3,1,0,0,-0.009999999999999998,1.0,0.3333333333333333,
571510,SI,3,90.76666666666667,6.3,1.3566666666666667,0.8166666666666668,1,0,2,1,0,0,-0.013333333333333334,0.0,0.5,
663436,CU,3,77.89999999999999,6.0,1.3733333333333333,-0.7033333333333333,1,0,2,0,1,0,-0.015666666666666666,0.0,0.0,0.0
571945,ST,3,79.46666666666665,6.133333333333333,1.0733333333333333,-0.23333333333333336,1,0,2,0,1,0,-0.016,0.0,0.0,0.0
554431,SI,3,95.03333333333335,6.466666666666666,1.0566666666666666,0.9966666666666666,0,0,2,0,0,0,-0.02366666666666667,,0.0,
668964,CH,3,80.93333333333334,6.8,-1.07,1.1233333333333333,1,1,2,0,0,0,-0.024999999999999998,1.0,0.0,
678606,FF,3,98.39999999999999,6.033333333333334,1.3833333333333335,0.6533333333333333,1,1,2,0,0,0,-0.02666666666666667,1.0,0.0,
676684,CH,3,90.3,6.5,-1.3466666666666667,0.5299999999999999,1,0,3,1,1,0,-0.027999999999999997,0.0,0.3333333333333333,0.0
669438,CU,3,76.33333333333333,6.066666666666666,0.88,-1.16,1,0,1,0,1,0,-0.032,0.0,0.0,0.0
665152,FS,3,83.06666666666666,6.066666666666666,-0.9700000000000001,1.1066666666666667,0,0,2,0,0,0,-0.033,,0.0,
605452,SL,3,86.90000000000002,7.0,0.16333333333333333,0.3433333333333333,0,0,3,0,0,0,-0.038,,0.0,
671109,ST,3,82.8,6.866666666666667,-1.0166666666666666,-0.06666666666666667,0,0,3,0,0,0,-0.038,,0.0,
680729,CU,3,81.36666666666666,5.933333333333334,-1.0,-0.9066666666666666,0,0,3,0,0,0,-0.042333333333333334,,0.0,
669373,FS,3,89.3,6.3999999999999995,1.1833333333333333,0.49333333333333335,3,2,3,3,1,0,-0.04666666666666666,0.6666666666666666,1.0,0.0
663372,SI,3,92.03333333333335,6.3,-0.9666666666666667,0.51,0,0,3,0,0,0,-0.04766666666666667,,0.0,
666142,KC,3,80.39999999999999,5.966666666666666,-0.9066666666666666,-1.14,0,0,3,0,0,0,-0.05266666666666667,,0.0,
668941,FF,3,94.36666666666667,5.433333333333334,0.7733333333333333,1.11,0,0,3,0,0,0,-0.06833333333333334,,0.0,
680730,SL,3,85.39999999999999,6.766666666666667,-0.4366666666666667,0.3033333333333333,0,0,3,0,0,0,-0.07166666666666667,,0.0,
672782,CH,3,88.8,6.866666666666667,-1.4433333333333334,0.4033333333333333,2,0,2,2,1,0,-0.084,0.0,1.0,0.0
657044,FF,3,90.66666666666667,6.933333333333334,-1.0833333333333333,0.8233333333333334,1,0,2,0,1,0,-0.09233333333333332,0.0,0.0,0.0
664854,FC,3,91.86666666666667,6.8999999999999995,0.25666666666666665,0.9033333333333333,1,0,1,0,1,0,-0.09233333333333334,0.0,0.0,0.0
681517,CU,3,82.23333333333333,7.166666666666667,0.5166666666666667,-1.11,0,0,3,0,0,0,-0.12500000000000003,,0.0,
667755,SL,3,89.33333333333333,6.8,0.18666666666666668,0.07333333333333335,2,0,1,0,2,1,-0.13033333333333333,0.0,0.0,0.5
669372,SL,3,85.86666666666667,6.533333333333334,0.1366666666666667,0.003333333333333318,1,0,3,1,1,0,-0.14766666666666667,0.0,0.3333333333333333,0.0
678606,SL,3,92.06666666666666,5.933333333333334,0.13333333333333333,0.5,1,0,2,0,1,1,-0.171,0.0,0.0,1.0
607192,SI,3,95.56666666666666,7.666666666666667,-0.8833333333333333,1.1766666666666667,0,0,2,0,0,0,-0.17766666666666667,,0.0,
643377,FF,3,97.23333333333333,6.433333333333334,-0.5966666666666667,1.4266666666666665,1,0,2,0,1,1,-0.20099999999999998,0.0,0.0,1.0
621383,CH,3,83.10000000000001,5.733333333333333,1.0166666666666666,0.31333333333333335,2,1,2,1,1,1,-0.20433333333333334,0.5,0.5,1.0
675989,FF,3,94.43333333333334,6.2,-0.54,1.2566666666666666,1,0,1,0,1,1,-0.21733333333333335,0.0,0.0,1.0
622554,SI,3,97.43333333333334,6.6000000000000005,-1.2466666666666668,0.5333333333333333,2,0,2,1,2,1,-0.25166666666666665,0.0,0.5,0.5
686973,CH,3,90.60000000000001,7.066666666666666,-1.1900000000000002,0.8033333333333333,2,0,1,0,2,1,-0.3833333333333333,0.0,0.0,0.5
592836,CU,3,74.26666666666667,5.833333333333333,0.7366666666666667,-0.9866666666666667,3,0,0,0,3,1,-0.456,0.0,,0.3333333333333333
594902,CU,3,78.16666666666667,6.766666666666667,0.6933333333333334,-0.4033333333333333,2,0,2,1,2,2,-0.6026666666666666,0.0,0.5,1.0
669372,CH,3,87.60000000000001,6.833333333333333,-1.3166666666666667,0.04,2,1,2,1,1,1,-0.8473333333333334,0.5,0.5,1.0
642232,FF,2,89.3,6.550000000000001,1.4100000000000001,0.48,2,0,0,0,2,2,0.20800000000000002,0.0,,1.0
660896,CU,2,85.15,5.85,0.435,-0.32,2,0,1,1,2,0,0.20500000000000002,0.0,1.0,0.0
669302,CU,2,82.6,7.1,0.99,-0.365,2,2,2,2,0,0,0.182,1.0,1.0,
669711,SI,2,93.65,6.15,-1.355,0.12000000000000001,1,0,1,1,1,0,0.172,0.0,1.0,0.0
666142,FF,2,95.1,6.0,1.1099999999999999,1.35,2,1,0,0,1,0,0.14300000000000002,0.5,,0.0
657649,FC,2,88.30000000000001,6.0,-0.1,0.665,2,0,0,0,2,1,0.1405,0.0,,0.5
671131,FF,2,95.9,6.5,-1.02,1.22,1,0,1,0,1,0,0.14,0.0,0.0,0.0
663893,FC,2,93.85,5.75,0.135,0.665,1,0,2,1,1,0,0.1395,0.0,0.5,0.0
671106,FC,2,85.8,6.5,-0.05499999999999999,0.895,1,0,0,0,1,0,0.136,0.0,,0.0
554340,CU,2,84.5,6.300000000000001,1.02,-0.125,2,0,1,1,2,0,0.132,0.0,1.0,0.0
669062,FF,2,97.35,6.65,1.03,1.23,2,0,0,0,2,0,0.128,0.0,,0.0
623474,FF,2,93.1,5.15,-1.01,0.55,2,2,1,1,0,0,0.1205,1.0,1.0,
676961,CH,2,84.4,5.699999999999999,-1.35,0.59,1,0,1,0,1,0,0.119,0.0,0.0,0.0
692285,CH,2,87.5,5.6,-1.38,0.14500000000000002,2,0,2,2,2,0,0.1185,0.0,1.0,0.0
682243,KC,2,81.55,6.3,0.245,-1.0550000000000002,2,2,1,1,0,0,0.1185,1.0,1.0,
680742,FF,2,95.95,6.8,-0.515,1.5499999999999998,1,0,1,0,1,0,0.10850000000000001,0.0,0.0,0.0
672391,CH,2,87.9,6.25,-1.365,0.5449999999999999,1,0,1,0,1,0,0.108,0.0,0.0,0.0
543056,SI,2,90.19999999999999,6.0,0.72,1.065,0,0,0,0,0,0,0.10750000000000001,,,
694037,CU,2,82.55,6.45,0.20500000000000002,0.14500000000000002,1,0,1,0,1,0,0.106,0.0,0.0,0.0
628452,CH,2,88.69999999999999,6.199999999999999,-1.005,0.36,1,0,0,0,1,0,0.10200000000000001,0.0,,0.0
686642,SL,2,83.94999999999999,6.05,-1.025,-0.21,0,0,0,0,0,0,0.101,,,
458677,FS,2,84.9,6.55,0.835,0.28,1,1,1,0,0,0,0.0995,1.0,0.0,
622786,FF,2,95.6,6.300000000000001,-1.145,1.0,0,0,1,0,0,0,0.099,,0.0,
623474,CH,2,86.9,5.2,-0.96,-0.09000000000000001,1,0,1,0,1,0,0.0965,0.0,0.0,0.0
622554,FS,2,86.35,6.800000000000001,-0.8049999999999999,0.415,1,0,2,1,1,0,0.0925,0.0,0.5,0.0
605130,ST,2,81.9,6.65,1.405,0.29,1,0,2,1,1,0,0.09,0.0,0.5,0.0
656457,FF,2,91.1,6.0,0.915,0.62,1,1,2,1,0,0,0.0725,1.0,0.5,
680729,FF,2,93.65,5.75,0.8300000000000001,1.12,2,0,1,1,1,0,0.0665,0.0,1.0,0.0
656794,FC,2,89.85,5.6,0.0,0.92,2,0,0,0,2,1,0.056499999999999995,0.0,,0.5
623211,SL,2,88.44999999999999,5.6,-0.7050000000000001,0.42000000000000004,1,0,0,0,1,1,0.056,0.0,,1.0
641755,CH,2,88.4,5.55,-0.25,0.85,1,0,0,0,1,0,0.053,0.0,,0.0
671106,SI,2,87.19999999999999,6.55,0.925,0.78,2,0,0,0,2,0,0.052,0.0,,0.0
663465,SI,2,89.55000000000001,6.35,1.03,0.825,1,1,0,0,0,0,0.0475,1.0,,
676617,ST,2,83.0,6.9,1.145,-0.03499999999999999,1,0,0,0,1,0,0.0465,0.0,,0.0
662253,SI,2,97.55000000000001,6.55,-1.38,0.535,1,0,2,1,1,0,0.0455,0.0,0.5,0.0
689690,SI,2,82.85,7.35,-1.57,0.405,1,1,0,0,0,0,0.0395,1.0,,
686973,SI,2,97.25,7.0,-1.3250000000000002,1.255,2,0,0,0,2,0,0.02,0.0,,0.0
656302,CH,2,78.4,6.6,-0.675,1.605,1,1,2,1,0,0,0.0175,1.0,0.5,
673540,SL,2,83.6,6.45,0.05,0.0050000000000000044,1,0,2,1,1,0,0.017,0.0,0.5,0.0
519151,SI,2,92.8,6.45,-1.2,0.63,1,1,2,1,0,0,0.017,1.0,0.5,
687911,SI,2,91.55000000000001,6.75,1.08,0.46499999999999997,0,0,2,0,0,0,0.0155,,0.0,
663687,ST,2,77.65,6.45,-1.115,-0.53,1,0,1,0,1,0,0.015,0.0,0.0,0.0
680951,ST,2,81.15,7.05,-1.5550000000000002,0.09000000000000001,1,1,2,1,0,0,0.012,1.0,0.5,
701121,FC,2,84.69999999999999,6.55,0.185,0.255,0,0,1,0,0,0,0.009500000000000001,,0.0,
663767,FF,2,96.05000000000001,6.3,-0.55,1.2349999999999999,0,0,1,0,0,0,0.0075,,0.0,
607481,FF,2,91.9,6.45,0.765,0.81,0,0,1,0,0,0,0.0075,,0.0,
700249,SL,2,84.65,6.15,-0.27999999999999997,0.27,0,0,1,0,0,0,0.006499999999999999,,0.0,
596133,FC,2,90.25,6.1,0.245,1.05,1,0,1,0,1,0,0.004,0.0,0.0,0.0
621053,FC,2,91.4,6.1,-0.08,0.88,1,1,1,0,0,0,0.0019999999999999983,1.0,0.0,
677955,SL,2,88.75,6.199999999999999,0.395,0.22,0,0,2,0,0,0,0.0015000000000000013,,0.0,
670810,FF,2,95.2,6.35,-0.415,1.6749999999999998,1,1,1,0,0,0,0.0009999999999999974,1.0,0.0,
656234,FC,2,93.6,5.9,-0.039999999999999994,0.76,2,0,1,1,2,0,0.0,0.0,1.0,0.0
676961,CU,2,73.5,5.7,0.775,-0.985,0,0,1,0,0,0,-0.0005000000000000004,,0.0,
519151,CH,2,88.3,6.65,-0.72,0.43,1,0,1,0,1,0,-0.0019999999999999983,0.0,0.0,0.0
694363,ST,2,80.75,6.6,-0.8699999999999999,-0.33499999999999996,0,0,1,0,0,0,-0.005999999999999998,,0.0,
806185,CU,2,79.05,6.449999999999999,0.35,-1.445,0,0,1,0,0,0,-0.008,,0.0,
445926,CU,2,73.95,6.15,1.4049999999999998,-0.805,1,0,2,1,1,0,-0.0095,0.0,0.5,0.0
621111,SL,2,87.0,6.75,0.7749999999999999,0.21000000000000002,1,0,2,1,0,0,-0.012,0.0,0.5,
670970,FC,2,96.1,6.25,-0.095,1.175,0,0,2,0,0,0,-0.018,,0.0,
608337,CU,2,76.65,6.5,0.7649999999999999,-1.4300000000000002,1,0,1,0,1,0,-0.0195,0.0,0.0,0.0
606965,ST,2,75.15,6.0,1.3599999999999999,-0.025,1,0,1,0,1,0,-0.0205,0.0,0.0,0.0
696270,FS,2,86.7,6.45,-0.285,-0.06,1,0,2,1,0,0,-0.0215,0.0,0.5,
592454,SL,2,86.7,6.800000000000001,0.36,0.375,0,0,2,0,0,0,-0.0245,,0.0,
656550,CH,2,90.9,6.25,-1.295,0.36,0,0,1,0,0,0,-0.027,,0.0,
596271,FC,2,83.69999999999999,5.85,-0.20500000000000002,0.535,0,0,2,0,0,0,-0.03,,0.0,
640902,FF,2,88.3,4.95,-0.895,1.33,0,0,2,0,0,0,-0.03,,0.0,
657612,FC,2,84.6,6.65,0.6100000000000001,0.41000000000000003,0,0,2,0,0,0,-0.0305,,0.0,
666974,FF,2,95.44999999999999,5.800000000000001,-1.2149999999999999,0.8200000000000001,0,0,1,0,0,0,-0.0335,,0.0,
666974,SL,2,88.55,5.8,0.52,-0.22999999999999998,0,0,2,0,0,0,-0.034,,0.0,
572955,FC,2,91.94999999999999,5.800000000000001,0.125,0.79,0,0,2,0,0,0,-0.034,,0.0,
642585,SL,2,86.80000000000001,6.65,0.49,0.020000000000000004,0,0,2,0,0,0,-0.034,,0.0,
660825,FS,2,91.85,5.95,-1.17,0.845,0,0,2,0,0,0,-0.0345,,0.0,
656427,SI,2,90.19999999999999,6.65,-1.2,0.5700000000000001,0,0,2,0,0,0,-0.035,,0.0,
670059,FS,2,91.6,6.65,-1.475,0.265,0,0,2,0,0,0,-0.036500000000000005,,0.0,
686701,SL,2,87.9,6.699999999999999,0.31,0.43000000000000005,0,0,2,0,0,0,-0.037000000000000005,,0.0,
673540,CU,2,70.1,6.1,0.6,-0.9,0,0,2,0,0,0,-0.038,,0.0,
542881,CU,2,69.5,5.9,-0.019999999999999997,-0.845,0,0,2,0,0,0,-0.039,,0.0,
671106,CH,2,83.0,6.5,0.82,0.36,0,0,2,0,0,0,-0.055,,0.0,
643410,FC,2,91.05,6.4,0.22499999999999998,0.655,1,0,1,0,1,0,-0.056,0.0,0.0,0.0
669194,CH,2,87.5,7.0,-1.0750000000000002,1.21,0,0,2,0,0,0,-0.073,,0.0,
679885,SL,2,90.5,6.35,0.065,0.565,0,0,2,0,0,0,-0.0745,,0.0,
605488,FC,2,87.75,6.45,0.315,0.9299999999999999,1,0,0,0,1,1,-0.186,0.0,,1.0
642708,FA,2,63.05,4.5,-1.035,1.17,1,0,1,1,1,1,-0.221,0.0,1.0,1.0
668909,FC,2,93.19999999999999,7.2,0.009999999999999995,0.59,2,0,0,0,2,1,-0.22949999999999998,0.0,,0.5
671922,ST,2,85.4,7.25,0.925,0.46499999999999997,1,0,1,0,1,1,-0.23800000000000002,0.0,0.0,1.0
664076,ST,2,80.55,5.95,-1.375,-0.41000000000000003,2,2,0,0,0,0,-0.251,1.0,,
641755,CU,2,84.3,5.5,0.39,-0.595,1,0,1,0,1,0,-0.2895,0.0,0.0,0.0
571927,SL,2,87.35,6.5,-0.08499999999999999,0.43500000000000005,1,0,1,0,1,1,-0.35450000000000004,0.0,0.0,1.0
573204,SL,2,86.75,6.300000000000001,-0.415,0.055,1,0,2,1,1,0,-0.5025,0.0,0.5,0.0
605135,SL,2,81.0,6.4,0.63,0.020000000000000004,1,0,1,0,1,1,-0.5075,0.0,0.0,1.0
672841,FC,2,93.4,6.65,0.355,0.56,1,0,1,0,1,1,-0.577,0.0,0.0,1.0
663460,SI,2,91.19999999999999,6.9,1.23,0.815,1,0,0,0,1,1,-0.5775,0.0,,1.0
640902,EP,2,44.8,4.2,0.03500000000000003,1.33,2,0,2,2,2,2,-0.606,0.0,1.0,1.0
663485,FF,2,93.65,5.699999999999999,-0.875,1.405,2,0,1,1,2,1,-0.7445,0.0,1.0,0.5
669372,FC,2,91.65,6.65,-0.29000000000000004,0.94,1,0,1,0,1,1,-0.823,0.0,0.0,1.0
669717,CU,2,48.45,3.4,-0.62,1.295,1,0,1,0,1,1,-0.835,0.0,0.0,1.0
666142,CH,2,83.55000000000001,6.15,1.29,0.8049999999999999,1,0,0,0,1,1,-1.032,0.0,,1.0
669711,CH,1,85.0,6.1,-1.35,-0.13,1,0,0,0,1,0,0.305,0.0,,0.0
621237,FF,1,98.3,6.8,1.1,1.23,1,0,0,0,1,0,0.301,0.0,,0.0
571946,FC,1,91.0,7.1,-0.47,1.37,1,0,0,0,1,1,0.301,0.0,,1.0
641927,SI,1,90.8,7.3,-1.4,0.77,1,0,1,1,1,0,0.293,0.0,1.0,0.0
664076,FC,1,88.7,6.0,-0.35,0.42,1,0,0,0,1,0,0.29,0.0,,0.0
664126,CH,1,92.6,6.4,-1.15,1.06,1,0,1,1,1,0,0.232,0.0,1.0,0.0
594902,ST,1,79.2,6.7,0.97,-0.61,1,1,1,1,0,0,0.232,1.0,1.0,
608331,FF,1,96.6,6.7,0.42,1.44,0,0,0,0,0,0,0.232,,,
681517,SI,1,93.8,7.0,-0.87,1.01,1,0,0,0,1,1,0.229,0.0,,1.0
672841,FF,1,97.6,6.8,-0.29,0.95,1,1,1,1,0,0,0.224,1.0,1.0,
657514,CH,1,81.0,5.6,1.37,0.16,1,0,0,0,1,0,0.22,0.0,,0.0
681982,CH,1,88.5,6.7,-1.26,-0.36,1,0,0,0,1,1,0.22,0.0,,1.0
670810,FC,1,93.2,6.2,0.11,0.96,1,0,0,0,1,0,0.217,0.0,,0.0
643410,SL,1,83.4,6.4,0.37,-0.35,1,0,1,1,1,0,0.215,0.0,1.0,0.0
664139,FC,1,90.5,7.0,0.41,0.97,1,0,0,0,1,0,0.207,0.0,,0.0
677955,CH,1,84.5,6.4,-0.77,0.05,1,1,1,1,0,0,0.202,1.0,1.0,
656288,ST,1,85.8,6.0,1.04,-0.32,1,0,0,0,1,1,0.199,0.0,,1.0
642048,SL,1,83.5,6.6,-0.29,0.3,1,0,0,0,1,0,0.182,0.0,,0.0
607455,CH,1,90.5,6.3,1.32,0.52,1,0,0,0,1,1,0.182,0.0,,1.0
657585,FF,1,98.2,6.0,-0.76,1.39,1,1,0,0,0,0,0.16,1.0,,
642152,FF,1,95.0,6.6,-0.61,1.22,0,0,0,0,0,0,0.088,,,
642048,FF,1,91.9,6.4,0.81,1.32,1,0,0,0,1,0,0.073,0.0,,0.0
686752,FC,1,91.2,6.8,0.17,1.36,1,0,1,1,1,0,0.071,0.0,1.0,0.0
623437,CH,1,85.8,5.6,-0.73,-0.22,0,0,0,0,0,0,0.07,,,
669358,SL,1,85.8,6.4,0.19,0.1,1,0,1,1,1,0,0.064,0.0,1.0,0.0
623465,FC,1,92.0,6.3,0.0,0.69,0,0,0,0,0,0,0.064,,,
623437,FC,1,90.4,5.5,0.1,0.57,1,0,0,0,1,0,0.061,0.0,,0.0
686642,CH,1,89.7,6.1,0.45,0.83,1,0,1,1,1,0,0.061,0.0,1.0,0.0
592094,FC,1,85.3,6.3,0.06,0.62,1,0,1,1,1,0,0.061,0.0,1.0,0.0
656302,SI,1,94.5,6.4,-0.96,1.18,1,1,1,1,0,0,0.055,1.0,1.0,
670970,FF,1,95.9,6.3,0.26,1.66,1,1,0,0,0,0,0.055,1.0,,
666142,SL,1,87.5,6.0,-0.26,0.27,1,1,1,1,0,0,0.054,1.0,1.0,
663559,FS,1,85.9,7.3,-0.22,1.16,0,0,0,0,0,0,0.054,,,
547973,SL,1,86.5,7.8,-0.81,0.28,1,1,1,1,0,0,0.052,1.0,1.0,
686973,SL,1,90.7,7.4,0.27,0.52,0,0,0,0,0,0,0.052,,,
677955,SI,1,96.5,6.1,-0.99,0.65,0,0,0,0,0,0,0.05,,,
681882,SL,1,88.2,6.6,0.2,0.18,1,1,0,0,0,0,0.043,1.0,,
657376,SL,1,83.5,6.4,0.51,0.81,0,0,0,0,0,0,0.042,,,
656288,FC,1,87.9,5.9,0.05,0.39,0,0,0,0,0,0,0.04,,,
472610,FF,1,97.2,6.3,-0.38,1.28,1,0,0,0,1,0,0.039,0.0,,0.0
820862,CH,1,93.3,6.0,-1.01,0.23,1,0,1,1,0,0,0.039,0.0,1.0,
695243,CH,1,91.7,6.6,-1.22,0.62,0,0,0,0,0,0,0.039,,,
701121,SI,1,91.7,6.7,-1.31,0.47,0,0,0,0,0,0,0.039,,,
643338,SI,1,94.2,6.6,-1.1,1.05,0,0,0,0,0,0,0.039,,,
686799,ST,1,81.8,6.4,1.01,0.23,0,0,0,0,0,0,0.039,,,
592779,SI,1,94.9,6.6,-1.15,0.65,1,1,1,1,0,0,0.039,1.0,1.0,
606303,SI,1,94.0,6.3,-1.66,0.82,0,0,0,0,0,0,0.039,,,
605463,SI,1,92.5,5.7,-1.53,0.59,1,1,1,1,0,0,0.039,1.0,1.0,
657277,FF,1,92.1,7.1,-0.76,1.03,1,0,1,1,1,0,0.0,0.0,1.0,0.0
672578,FS,1,89.7,7.2,-0.98,0.76,1,0,0,0,0,0,0.0,0.0,,
681857,FF,1,95.6,5.8,-0.64,1.4,1,0,1,1,1,0,0.0,0.0,1.0,0.0
571771,FA,1,83.4,5.2,-0.48,1.21,0,0,1,0,0,0,-0.01,,0.0,
554340,CH,1,88.5,6.3,-1.35,0.27,0,0,1,0,0,0,-0.012,,0.0,
623352,CH,1,89.6,7.2,0.95,0.55,0,0,1,0,0,0,-0.012,,0.0,
680880,PO,1,94.3,7.1,-0.86,1.27,0,0,1,0,0,0,-0.012,,0.0,
669711,CU,1,82.1,6.5,1.33,-0.69,0,0,1,0,0,0,-0.017,,0.0,
686752,PO,1,95.1,6.5,-0.71,1.66,0,0,1,0,0,0,-0.017,,0.0,
691594,CS,1,56.7,4.5,0.76,0.07,0,0,1,0,0,0,-0.022,,0.0,
593974,FF,1,96.3,5.4,0.64,1.39,0,0,1,0,0,0,-0.024,,0.0,
592332,SI,1,93.8,6.5,-1.53,1.38,0,0,1,0,0,0,-0.024,,0.0,
689690,ST,1,73.1,7.5,1.22,0.51,0,0,1,0,0,0,-0.024,,0.0,
666171,ST,1,82.9,6.6,1.71,-0.14,0,0,1,0,0,0,-0.026,,0.0,
642152,ST,1,81.4,6.6,1.37,-0.14,0,0,1,0,0,0,-0.027,,0.0,
694037,FS,1,83.5,6.6,-1.08,0.25,0,0,1,0,0,0,-0.027,,0.0,
664991,FS,1,86.3,6.1,0.93,-0.04,0,0,1,0,0,0,-0.028,,0.0,
700187,CH,1,90.7,5.9,-1.47,0.19,0,0,1,0,0,0,-0.029,,0.0,
676664,SL,1,79.3,6.7,-0.11,0.98,0,0,1,0,0,0,-0.029,,0.0,
656794,CH,1,85.2,5.5,1.17,0.17,0,0,1,0,0,0,-0.029,,0.0,
685801,CU,1,78.2,6.8,0.47,-1.09,0,0,1,0,0,0,-0.029,,0.0,
606303,CH,1,90.8,6.3,-1.72,0.14,0,0,1,0,0,0,-0.029,,0.0,
676962,CH,1,90.9,6.8,-1.23,0.78,0,0,1,0,0,0,-0.031,,0.0,
680689,SL,1,83.7,5.9,-0.34,-0.26,0,0,1,0,0,0,-0.031,,0.0,
621237,CU,1,84.3,6.7,0.3,-0.74,0,0,1,0,0,0,-0.031,,0.0,
592155,CH,1,86.8,6.4,1.19,0.19,0,0,1,0,0,0,-0.031,,0.0,
676702,FC,1,94.1,6.3,0.04,0.77,0,0,1,0,0,0,-0.035,,0.0,
678024,CU,1,78.2,6.3,1.36,-1.24,0,0,1,0,0,0,-0.035,,0.0,
641778,SI,1,91.9,6.4,1.31,1.19,0,0,1,0,0,0,-0.035,,0.0,
643338,PO,1,93.7,6.2,-0.69,1.61,0,0,1,0,0,0,-0.035,,0.0,
674444,FC,1,94.2,6.7,-0.07,0.77,0,0,1,0,0,0,-0.037,,0.0,
673513,ST,1,80.3,5.5,-1.23,-0.03,0,0,1,0,0,0,-0.038,,0.0,
661395,ST,1,87.1,6.1,0.94,-0.08,0,0,1,0,0,0,-0.039,,0.0,
676282,SL,1,85.9,7.2,-0.51,0.26,0,0,1,0,0,0,-0.039,,0.0,
687765,CH,1,88.1,5.9,-0.83,0.14,0,0,1,0,0,0,-0.039,,0.0,
695549,CU,1,79.9,5.8,1.19,-0.88,0,0,1,0,0,0,-0.041,,0.0,
641656,FF,1,96.2,5.5,-0.57,1.23,0,0,1,0,0,0,-0.041,,0.0,
641302,ST,1,79.4,6.4,-1.41,0.13,0,0,1,0,0,0,-0.041,,0.0,
672841,SL,1,88.2,6.8,0.3,0.0,0,0,1,0,0,0,-0.042,,0.0,
542888,SV,1,84.6,6.8,0.95,-0.28,0,0,1,0,0,0,-0.043,,0.0,
664991,CU,1,82.9,5.9,-0.4,-0.91,0,0,1,0,0,0,-0.044,,0.0,
666142,FC,1,88.8,6.1,0.14,0.61,0,0,1,0,0,0,-0.048,,0.0,
605280,FF,1,94.0,6.3,-0.8,1.18,0,0,1,0,0,0,-0.048,,0.0,
664854,CU,1,80.9,6.6,-0.08,-1.19,0,0,1,0,0,0,-0.053,,0.0,
680951,FA,1,79.5,7.1,0.61,1.71,0,0,1,0,0,0,-0.054,,0.0,
642701,CH,1,87.1,6.0,-1.23,0.26,0,0,1,0,0,0,-0.062,,0.0,
605280,SL,1,86.8,5.9,0.27,0.1,0,0,1,0,0,0,-0.063,,0.0,
669160,FC,1,91.6,6.7,-0.21,0.65,0,0,1,0,0,0,-0.067,,0.0,
687362,CU,1,77.6,5.8,0.66,-0.84,0,0,1,0,0,0,-0.077,,0.0,
656427,CH,1,88.4,6.6,-1.23,0.81,0,0,1,0,0,0,-0.104,,0.0,
657649,CH,1,86.7,6.3,1.22,-0.17,0,0,1,0,0,0,-0.104,,0.0,
681882,SI,1,96.3,6.5,-1.34,0.75,0,0,1,0,0,0,-0.104,,0.0,
471911,ST,1,77.5,7.0,1.39,-0.85,0,0,1,0,0,0,-0.112,,0.0,
678692,SI,1,93.1,6.5,-1.51,0.76,0,0,1,0,0,0,-0.115,,0.0,
601713,SI,1,94.0,6.8,-0.98,1.56,0,0,1,0,0,0,-0.134,,0.0,
542881,SL,1,78.3,6.1,-0.47,0.08,0,0,0,0,0,0,-0.195,,,
621199,FF,1,90.0,6.5,-0.28,0.58,0,0,1,0,0,0,-0.24,,0.0,
601713,SL,1,80.4,6.6,0.55,-0.23,1,0,1,1,1,0,-0.387,0.0,1.0,0.0
669387,FC,1,93.3,6.2,-0.09,0.81,1,0,0,0,1,0,-0.406,0.0,,0.0
605488,ST,1,77.2,6.3,-1.48,0.13,1,0,0,0,1,0,-0.501,0.0,,0.0
669438,SV,1,81.4,6.1,0.48,-0.13,1,0,1,1,1,0,-0.508,0.0,1.0,0.0
592332,SL,1,78.8,6.4,0.22,-0.16,1,0,0,0,1,1,-0.622,0.0,,1.0
606965,SL,1,81.9,6.3,0.07,0.34,1,0,0,0,1,1,-0.622,0.0,,1.0
663423,SI,1,93.1,6.2,-1.1,0.54,1,0,0,0,1,1,-1.194,0.0,,1.0
622608,SI,1,91.4,6.0,-0.69,0.84,1,0,0,0,1,1,-1.505,0.0,,1.0
